{"stats":{"minecraft:dropped":{"minecraft:iron_sword":3,"minecraft:lapis_lazuli":1048,"minecraft:glow_ink_sac":5,"minecraft:chorus_fruit":3,"minecraft:glass_bottle":8,"minecraft:diamond":58,"minecraft:crafting_table":4,"minecraft:red_sandstone":2,"minecraft:cracked_stone_bricks":71,"minecraft:quartz_pillar":12,"minecraft:red_mushroom":21,"minecraft:emerald":941,"minecraft:gold_nugget":11,"minecraft:sand":8,"minecraft:verdant_froglight":5,"minecraft:white_wool":134,"minecraft:music_disc_blocks":3,"minecraft:stone_axe":12,"minecraft:ancient_debris":2,"minecraft:lever":1,"minecraft:cooked_chicken":13,"minecraft:cobbled_deepslate":259,"minecraft:wheat":31,"minecraft:obsidian":55,"minecraft:music_disc_5":1,"minecraft:rotten_flesh":579,"minecraft:oak_planks":75,"minecraft:glowstone_dust":2,"minecraft:music_disc_far":1,"minecraft:echo_shard":2,"minecraft:quartz_block":57,"minecraft:jungle_log":5,"minecraft:music_disc_mall":1,"minecraft:leather_boots":6,"minecraft:leather_leggings":3,"minecraft:red_nether_bricks":5,"minecraft:glass":189,"minecraft:warped_wart_block":3,"minecraft:golden_boots":3,"minecraft:stripped_mangrove_log":1,"minecraft:black_dye":4,"minecraft:wheat_seeds":223,"minecraft:dripstone_block":10,"minecraft:book":1,"minecraft:prismarine_crystals":8,"minecraft:bamboo_block":15,"minecraft:golden_apple":4,"minecraft:mushroom_stew":7,"minecraft:cobweb":2,"minecraft:diamond_horse_armor":2,"minecraft:cherry_planks":1,"minecraft:potion":4,"minecraft:mud":29,"minecraft:chainmail_leggings":1,"minecraft:lily_pad":4,"minecraft:snow_block":1,"minecraft:soul_soil":2,"minecraft:cocoa_beans":3,"minecraft:stone_shovel":2,"minecraft:bamboo_mosaic":7,"minecraft:clay_ball":36,"minecraft:iron_boots":1,"minecraft:cherry_slab":86,"minecraft:name_tag":6,"minecraft:white_terracotta":3,"minecraft:budding_amethyst":2,"minecraft:oak_sign":50,"minecraft:shears":2,"minecraft:suspicious_stew":1,"minecraft:diamond_sword":7,"minecraft:spruce_boat":1,"minecraft:spruce_trapdoor":2,"minecraft:spruce_planks":5,"minecraft:diamond_pickaxe":7,"minecraft:redstone_torch":14,"minecraft:stone_bricks":49,"minecraft:bamboo":22,"minecraft:sandstone":9,"minecraft:red_sand":12,"minecraft:bow":19,"minecraft:magma_block":21,"minecraft:terracotta":36,"minecraft:soul_sand":5,"minecraft:moss_block":51,"minecraft:orange_dye":3,"minecraft:oak_log":11,"minecraft:ender_pearl":343,"minecraft:dark_oak_sapling":3,"minecraft:bedrock":2,"minecraft:polished_blackstone_brick_wall":14,"minecraft:raw_gold_block":14,"minecraft:cod":1,"minecraft:cobblestone_stairs":1,"minecraft:dark_oak_log":5,"minecraft:mutton":2,"minecraft:gold_ingot":17,"minecraft:chiseled_polished_blackstone":7,"minecraft:pink_terracotta":8,"minecraft:purpur_block":1,"minecraft:spyglass":2,"minecraft:twisting_vines":6,"minecraft:beetroot":2,"minecraft:mycelium":69,"minecraft:ward_armor_trim_smithing_template":1,"minecraft:mangrove_log":2,"minecraft:trident":1,"minecraft:dune_armor_trim_smithing_template":2,"minecraft:ochre_froglight":6,"minecraft:beetroot_seeds":189,"minecraft:scaffolding":120,"minecraft:light_gray_concrete_powder":4,"minecraft:stone_hoe":1,"minecraft:bread":7,"minecraft:golden_helmet":1,"minecraft:cherry_log":7,"minecraft:amethyst_block":102,"minecraft:acacia_log":4,"minecraft:iron_block":923,"minecraft:pearlescent_froglight":17,"minecraft:repeater":3,"minecraft:nether_wart_block":3,"minecraft:melon_slice":3,"minecraft:fire_charge":1,"minecraft:stonecutter":1,"minecraft:raw_iron_block":1,"minecraft:redstone_block":1,"minecraft:blue_terracotta":4,"minecraft:sweet_berries":6,"minecraft:oak_trapdoor":2,"minecraft:light_gray_terracotta":38,"minecraft:sculk_sensor":11,"minecraft:comparator":1,"minecraft:shulker_box":1,"minecraft:stripped_bamboo_block":2,"minecraft:flint_and_steel":1,"minecraft:deepslate_bricks":215,"minecraft:mud_bricks":7,"minecraft:andesite":32,"minecraft:golden_leggings":3,"minecraft:oak_sapling":8,"minecraft:spruce_log":56,"minecraft:wooden_pickaxe":2,"minecraft:light_blue_terracotta":5,"minecraft:magenta_terracotta":20,"minecraft:piston":15,"minecraft:cooked_beef":71,"minecraft:spore_blossom":4,"minecraft:rooted_dirt":1,"minecraft:saddle":2,"minecraft:elytra":2,"minecraft:rail":39,"minecraft:leather_helmet":2,"minecraft:item_frame":36,"minecraft:dirt":111,"minecraft:packed_mud":18,"minecraft:raw_copper_block":24,"minecraft:cracked_deepslate_tiles":24,"minecraft:jack_o_lantern":5,"minecraft:jungle_sapling":4,"minecraft:wooden_sword":5,"minecraft:bone_block":30,"minecraft:sunflower":3,"minecraft:phantom_membrane":3,"minecraft:polished_blackstone_slab":107,"minecraft:iron_pickaxe":8,"minecraft:blue_bed":1,"minecraft:bone":742,"minecraft:cherry_boat":1,"minecraft:emerald_block":4,"minecraft:sugar_cane":4,"minecraft:golden_chestplate":3,"minecraft:birch_sapling":3,"minecraft:end_stone":196,"minecraft:white_bed":7,"minecraft:salmon":9,"minecraft:chiseled_deepslate":105,"minecraft:tipped_arrow":2,"minecraft:deepslate_tiles":36,"minecraft:raiser_armor_trim_smithing_template":1,"minecraft:spruce_slab":67,"minecraft:end_stone_bricks":277,"minecraft:crying_obsidian":1,"minecraft:dead_tube_coral_block":1,"minecraft:egg":42,"minecraft:enchanted_book":14,"minecraft:iron_ingot":139,"minecraft:netherite_pickaxe":5,"minecraft:mourner_pottery_sherd":1,"minecraft:polished_blackstone":57,"minecraft:deepslate_brick_wall":2,"minecraft:golden_horse_armor":3,"minecraft:cobblestone":199,"minecraft:feather":7,"minecraft:oak_fence":7,"minecraft:yellow_terracotta":3,"minecraft:dark_prismarine_slab":3,"minecraft:apple":1,"minecraft:granite":14,"minecraft:music_disc_pigstep":1,"minecraft:disc_fragment_5":2,"minecraft:chainmail_helmet":10,"minecraft:coal":88,"minecraft:pufferfish":2,"minecraft:golden_carrot":14,"minecraft:sponge":1,"minecraft:diamond_helmet":4,"minecraft:rib_armor_trim_smithing_template":1,"minecraft:brown_terracotta":3,"minecraft:dead_bush":16,"minecraft:prismarine_slab":2,"minecraft:iron_shovel":4,"minecraft:string":55,"minecraft:hanging_roots":41,"minecraft:purpur_pillar":20,"minecraft:zombie_spawn_egg":1,"minecraft:netherite_ingot":1,"minecraft:stone_sword":4,"minecraft:bowl":1,"minecraft:chicken":4,"minecraft:polished_deepslate_slab":66,"minecraft:glow_lichen":1,"minecraft:nether_bricks":8,"minecraft:spruce_fence":1,"minecraft:big_dripleaf":2,"minecraft:potato":498,"minecraft:cobblestone_slab":205,"minecraft:shroomlight":9,"minecraft:stone":3,"minecraft:carved_pumpkin":2,"minecraft:spider_eye":6,"minecraft:blue_orchid":12,"minecraft:magenta_dye":3,"minecraft:dark_prismarine":5,"minecraft:spruce_sign":1,"minecraft:brown_mushroom":4,"minecraft:diamond_axe":3,"minecraft:baked_potato":237,"minecraft:netherite_upgrade_smithing_template":10,"minecraft:lantern":13,"minecraft:tide_armor_trim_smithing_template":1,"minecraft:shaper_armor_trim_smithing_template":1,"minecraft:music_disc_11":1,"minecraft:flint":137,"minecraft:dispenser":1,"minecraft:polished_blackstone_brick_stairs":31,"minecraft:gilded_blackstone":4,"minecraft:polished_blackstone_bricks":42,"minecraft:birch_log":9,"minecraft:armor_stand":1,"minecraft:honeycomb_block":2,"minecraft:gravel":34,"minecraft:blackstone":944,"minecraft:black_terracotta":29,"minecraft:diamond_shovel":1,"minecraft:prismarine":35,"minecraft:beehive":1,"minecraft:carrot":6751,"minecraft:chiseled_stone_bricks":34,"minecraft:poppy":2097,"minecraft:oak_fence_gate":1,"minecraft:gunpowder":385,"minecraft:lingering_potion":1,"minecraft:chainmail_boots":47,"minecraft:chest":51,"minecraft:basalt":164,"minecraft:arrow":725,"minecraft:powered_rail":6,"minecraft:prismarine_bricks":2,"minecraft:quartz":51,"minecraft:written_book":2,"minecraft:netherrack":3854,"minecraft:water_bucket":9,"minecraft:firework_rocket":70,"minecraft:purple_terracotta":11,"minecraft:oak_slab":12,"minecraft:mossy_cobblestone":37,"minecraft:minecart":2,"minecraft:diamond_leggings":4,"minecraft:poisonous_potato":6,"minecraft:lead":29,"minecraft:sculk_vein":30,"minecraft:spectral_arrow":7,"minecraft:observer":1,"minecraft:dead_horn_coral_block":6,"minecraft:grass_block":33,"minecraft:stick":19,"minecraft:diorite":18,"minecraft:torch":51,"minecraft:leather_horse_armor":1,"minecraft:sculk_catalyst":4,"minecraft:smooth_quartz":28,"minecraft:iron_axe":22,"minecraft:pink_petals":3,"minecraft:bucket":1,"minecraft:music_disc_cat":1,"minecraft:dandelion":16,"minecraft:smooth_basalt":8,"minecraft:redstone":135,"minecraft:cherry_wood":10,"minecraft:anvil":130,"minecraft:ender_chest":1,"minecraft:chiseled_quartz_block":25,"minecraft:coarse_dirt":1,"minecraft:raw_copper":578,"minecraft:tuff":25,"minecraft:raw_iron":25,"minecraft:dead_bubble_coral_block":20,"minecraft:iron_hoe":1,"minecraft:red_terracotta":3,"minecraft:muddy_mangrove_roots":4,"minecraft:shield":1,"minecraft:diamond_chestplate":4,"minecraft:orange_terracotta":3,"minecraft:iron_chestplate":1,"minecraft:cake":1,"minecraft:mossy_stone_bricks":109,"minecraft:blue_ice":4,"minecraft:golden_sword":1,"minecraft:stripped_cherry_log":1,"minecraft:diamond_boots":4,"minecraft:slime_ball":15,"minecraft:stone_pickaxe":7,"minecraft:raw_gold":21,"minecraft:nether_quartz_ore":1,"minecraft:cracked_deepslate_bricks":66,"minecraft:calcite":79},"minecraft:picked_up":{"minecraft:suspicious_stew":9,"minecraft:lead":35,"minecraft:enchanted_book":6,"minecraft:stray_spawn_egg":2,"minecraft:music_disc_cat":1,"minecraft:polished_blackstone_brick_stairs":77,"minecraft:string":64,"minecraft:pufferfish":4,"minecraft:shroomlight":19,"minecraft:cherry_boat":10,"minecraft:diamond_leggings":7,"minecraft:big_dripleaf":2,"minecraft:acacia_log":12,"minecraft:purpur_pillar":20,"minecraft:farmland":2,"minecraft:lightning_rod":1,"minecraft:honeycomb_block":6,"minecraft:golden_chestplate":2,"minecraft:green_terracotta":26,"minecraft:pink_terracotta":19,"minecraft:stone_sword":1,"minecraft:honey_bottle":4,"minecraft:vex_armor_trim_smithing_template":3,"minecraft:polished_basalt":64,"minecraft:carved_pumpkin":2,"minecraft:end_rod":1,"minecraft:white_terracotta":83,"minecraft:blaze_rod":16,"minecraft:snowball":68,"minecraft:sponge":34,"minecraft:dune_armor_trim_smithing_template":1,"minecraft:feather":52,"minecraft:cooked_beef":44,"minecraft:water_bucket":22,"minecraft:flint":172,"minecraft:magenta_terracotta":18,"minecraft:lantern":36,"minecraft:hanging_roots":82,"minecraft:stonecutter":13,"minecraft:diamond_helmet":6,"minecraft:rabbit":1,"minecraft:honeycomb":4,"minecraft:glow_lichen":2,"minecraft:chiseled_polished_blackstone":14,"minecraft:lime_terracotta":5,"minecraft:iron_hoe":6,"minecraft:blue_terracotta":24,"minecraft:angler_pottery_sherd":23,"minecraft:lever":7,"minecraft:granite":134,"minecraft:golden_horse_armor":2,"minecraft:rooted_dirt":22,"minecraft:jack_o_lantern":5,"minecraft:diamond_pickaxe":17,"minecraft:shelter_pottery_sherd":1,"minecraft:mud":159,"minecraft:clay_ball":204,"minecraft:leather_leggings":4,"minecraft:stripped_cherry_log":2,"minecraft:purpur_block":1,"minecraft:cornflower":2,"minecraft:elytra":6,"minecraft:flint_and_steel":1,"minecraft:white_carpet":7,"minecraft:iron_shovel":13,"minecraft:netherite_sword":1,"minecraft:jungle_sapling":4,"minecraft:poppy":372,"minecraft:spruce_slab":710,"minecraft:minecart":24,"minecraft:birch_sapling":4,"minecraft:piston":17,"minecraft:diamond_hoe":2,"minecraft:raw_gold_block":28,"minecraft:fire_charge":1,"minecraft:netherite_pickaxe":12,"minecraft:diamond_chestplate":7,"minecraft:stone_shovel":1,"minecraft:decorated_pot":17,"minecraft:hay_block":6,"minecraft:cracked_deepslate_bricks":66,"minecraft:yellow_terracotta":40,"minecraft:totem_of_undying":3,"minecraft:polished_blackstone":112,"minecraft:mutton":16,"minecraft:rail":153,"minecraft:bone_block":90,"minecraft:heartbreak_pottery_sherd":20,"minecraft:mud_bricks":47,"minecraft:yellow_dye":1,"minecraft:torchflower":10,"minecraft:packed_mud":127,"minecraft:lily_pad":5,"minecraft:sculk_vein":31,"minecraft:apple":49,"minecraft:oak_fence_gate":1,"minecraft:spore_blossom":7,"minecraft:stone_pickaxe":4,"minecraft:blade_pottery_sherd":25,"minecraft:smooth_basalt":34,"minecraft:sweet_berries":6,"minecraft:crying_obsidian":9,"minecraft:leather_helmet":6,"minecraft:archer_pottery_sherd":21,"minecraft:brewer_pottery_sherd":17,"minecraft:diamond_shovel":3,"minecraft:slime_ball":131,"minecraft:snort_pottery_sherd":5,"minecraft:tide_armor_trim_smithing_template":2,"minecraft:polished_blackstone_brick_wall":17,"minecraft:baked_potato":494,"minecraft:hopper":8,"minecraft:ender_chest":19,"minecraft:nether_brick_fence":2,"minecraft:gilded_blackstone":31,"minecraft:lapis_block":114,"minecraft:dead_tube_coral_block":20,"minecraft:experience_bottle":22,"minecraft:red_sand":18,"minecraft:bucket":5,"minecraft:eye_armor_trim_smithing_template":1,"minecraft:red_dye":3,"minecraft:white_tulip":3,"minecraft:cobblestone_slab":1321,"minecraft:azalea":3,"minecraft:wooden_shovel":3,"minecraft:iron_pickaxe":11,"minecraft:smooth_quartz":112,"minecraft:tipped_arrow":3,"minecraft:spruce_stairs":9,"minecraft:diorite":174,"minecraft:goat_horn":1,"minecraft:sniffer_egg":1,"minecraft:rotten_flesh":131,"minecraft:music_disc_ward":1,"minecraft:guardian_spawn_egg":2,"minecraft:mangrove_roots":12,"minecraft:deepslate_brick_stairs":3,"minecraft:obsidian":45,"minecraft:blaze_powder":4,"minecraft:cobblestone":523,"minecraft:pink_petals":9,"minecraft:leather_chestplate":3,"minecraft:muddy_mangrove_roots":26,"minecraft:cherry_planks":33,"minecraft:raiser_armor_trim_smithing_template":1,"minecraft:repeater":2,"minecraft:andesite":152,"minecraft:golden_leggings":1,"minecraft:potato":1225,"minecraft:tadpole_spawn_egg":1,"minecraft:prismarine_bricks":217,"minecraft:bat_spawn_egg":1,"minecraft:silence_armor_trim_smithing_template":1,"minecraft:dirt":788,"minecraft:name_tag":8,"minecraft:glass":257,"minecraft:bone":258,"minecraft:bow":12,"minecraft:wheat_seeds":1314,"minecraft:small_dripleaf":7,"minecraft:grindstone":20,"minecraft:netherite_axe":5,"minecraft:mossy_stone_bricks":147,"minecraft:fletching_table":9,"minecraft:bamboo":271,"minecraft:prismarine":342,"minecraft:grass_block":8,"minecraft:spectral_arrow":7,"minecraft:mossy_cobblestone":109,"minecraft:light_gray_terracotta":83,"minecraft:sugar":1,"minecraft:light_blue_terracotta":27,"minecraft:netherite_helmet":3,"minecraft:cherry_wood":10,"minecraft:bone_meal":148,"minecraft:golden_apple":11,"minecraft:spruce_sign":1,"minecraft:emerald":1600,"minecraft:netherrack":9383,"minecraft:chorus_fruit":21,"minecraft:brown_mushroom":14,"minecraft:shield":3,"minecraft:brick":2,"minecraft:oak_trapdoor":15,"minecraft:moss_carpet":2,"minecraft:blue_orchid":12,"minecraft:mycelium":72,"minecraft:blackstone":964,"minecraft:end_stone":486,"minecraft:polished_blackstone_bricks":87,"minecraft:cookie":288,"minecraft:music_disc_11":2,"minecraft:trident":1,"minecraft:purple_terracotta":11,"minecraft:weeping_vines":2,"minecraft:pumpkin_pie":48,"minecraft:nether_bricks":61,"minecraft:ward_armor_trim_smithing_template":2,"minecraft:netherite_boots":5,"minecraft:prismarine_slab":50,"minecraft:basalt":354,"minecraft:golden_carrot":166,"minecraft:leather":55,"minecraft:music_disc_stal":2,"minecraft:bedrock":2,"minecraft:crimson_fungus":3,"minecraft:cobblestone_wall":81,"minecraft:gunpowder":78,"minecraft:heart_pottery_sherd":25,"minecraft:orange_terracotta":29,"minecraft:cooked_mutton":3,"minecraft:pearlescent_froglight":20,"minecraft:rabbit_hide":1,"minecraft:iron_ingot":1101,"minecraft:cooked_chicken":7,"minecraft:verdant_froglight":11,"minecraft:sculk_catalyst":9,"minecraft:warped_fungus":3,"minecraft:nether_quartz_ore":2,"minecraft:emerald_block":1856,"minecraft:quartz":94,"minecraft:dandelion":16,"minecraft:lava_bucket":5,"minecraft:pumpkin_seeds":14,"minecraft:sculk_sensor":11,"minecraft:terracotta":52,"minecraft:damaged_anvil":3,"minecraft:sunflower":3,"minecraft:wooden_axe":2,"minecraft:chainmail_boots":34,"minecraft:prismarine_shard":1,"minecraft:anvil":129,"minecraft:diamond_sword":11,"minecraft:golden_sword":1,"minecraft:amethyst_block":325,"minecraft:soul_soil":24,"minecraft:explorer_pottery_sherd":7,"minecraft:red_nether_bricks":71,"minecraft:beetroot":68,"minecraft:gold_nugget":176,"minecraft:cobbled_deepslate":597,"minecraft:spruce_planks":1126,"minecraft:written_book":1,"minecraft:netherite_upgrade_smithing_template":11,"minecraft:enchanted_golden_apple":3,"minecraft:melon_slice":75,"minecraft:mangrove_log":18,"minecraft:beehive":20,"minecraft:sheaf_pottery_sherd":24,"minecraft:music_disc_blocks":3,"minecraft:composter":2,"minecraft:green_bed":3,"minecraft:cherry_log":29,"minecraft:black_dye":7,"minecraft:shaper_armor_trim_smithing_template":2,"minecraft:zombie_spawn_egg":2,"minecraft:bamboo_block":39,"minecraft:tropical_fish":8,"minecraft:iron_block":273,"minecraft:cyan_terracotta":20,"minecraft:netherite_chestplate":3,"minecraft:rabbit_spawn_egg":2,"minecraft:birch_log":36,"minecraft:magma_block":1371,"minecraft:jungle_log":18,"minecraft:birch_slab":84,"minecraft:smoker":1,"minecraft:netherite_leggings":3,"minecraft:disc_fragment_5":7,"minecraft:light_gray_concrete_powder":7,"minecraft:twisting_vines":6,"minecraft:stripped_bamboo_block":7,"minecraft:gray_terracotta":8,"minecraft:glowstone_dust":140,"minecraft:moss_block":180,"minecraft:pitcher_pod":6,"minecraft:warped_wart_block":38,"minecraft:ink_sac":17,"minecraft:dark_oak_log":31,"minecraft:red_terracotta":15,"minecraft:miner_pottery_sherd":21,"minecraft:blue_ice":4,"minecraft:dead_brain_coral_block":35,"minecraft:chainmail_helmet":1,"minecraft:bread":14,"minecraft:plenty_pottery_sherd":27,"minecraft:cherry_slab":83,"minecraft:coarse_dirt":83,"minecraft:crafting_table":39,"minecraft:bubble_coral_fan":1,"minecraft:nether_wart":38,"minecraft:mourner_pottery_sherd":17,"minecraft:dead_horn_coral_block":25,"minecraft:stripped_mangrove_log":1,"minecraft:red_bed":5,"minecraft:netherite_scrap":2,"minecraft:cracked_stone_bricks":110,"minecraft:beef":29,"minecraft:chest":155,"minecraft:egg":174,"minecraft:raw_copper_block":170,"minecraft:sandstone":21,"minecraft:polished_deepslate_slab":86,"minecraft:spruce_fence":24,"minecraft:amethyst_cluster":7,"minecraft:cake":3,"minecraft:skull_pottery_sherd":12,"minecraft:carrot":5547,"minecraft:redstone":304,"minecraft:prismarine_crystals":17,"minecraft:tnt":3,"minecraft:beetroot_seeds":273,"minecraft:shears":4,"minecraft:deepslate_bricks":1172,"minecraft:diamond_boots":7,"minecraft:gold_ingot":166,"minecraft:glow_berries":3,"minecraft:white_wool":258,"minecraft:stripped_oak_log":1,"minecraft:red_mushroom":33,"minecraft:ochre_froglight":7,"minecraft:oak_log":85,"minecraft:ancient_debris":36,"minecraft:golden_boots":5,"minecraft:blue_bed":1,"minecraft:stone_bricks":90,"minecraft:kelp":23,"minecraft:music_disc_far":2,"minecraft:cobweb":5,"minecraft:glass_bottle":9,"minecraft:arms_up_pottery_sherd":16,"minecraft:iron_sword":10,"minecraft:flowering_azalea":1,"minecraft:spyglass":8,"minecraft:torchflower_seeds":7,"minecraft:gravel":115,"minecraft:dead_fire_coral_block":19,"minecraft:prize_pottery_sherd":28,"minecraft:spruce_sapling":37,"minecraft:spruce_log":712,"minecraft:sea_lantern":7,"minecraft:firework_rocket":535,"minecraft:purple_bed":4,"minecraft:scute":2,"minecraft:diamond_axe":4,"minecraft:gray_wool":1,"minecraft:melon_seeds":1,"minecraft:stripped_dark_oak_log":2,"minecraft:mangrove_propagule":1,"minecraft:ender_pearl":2100,"minecraft:shulker_shell":3,"minecraft:chiseled_deepslate":165,"minecraft:wheat":428,"minecraft:redstone_block":3,"minecraft:potion":8,"minecraft:raw_copper":1398,"minecraft:iron_leggings":1,"minecraft:armor_stand":5,"minecraft:netherite_ingot":4,"minecraft:oak_sign":31,"minecraft:deepslate_tiles":84,"minecraft:redstone_torch":21,"minecraft:calcite":347,"minecraft:furnace":12,"minecraft:stick":75,"minecraft:deepslate_brick_wall":4,"minecraft:brown_terracotta":24,"minecraft:oak_fence":25,"minecraft:torch":438,"minecraft:porkchop":4,"minecraft:snow_block":2,"minecraft:dried_kelp":111,"minecraft:pointed_dripstone":2,"minecraft:quartz_block":148,"minecraft:leather_horse_armor":1,"minecraft:cod":4,"minecraft:magma_cream":4,"minecraft:chiseled_quartz_block":92,"minecraft:magenta_dye":8,"minecraft:tuff":190,"minecraft:danger_pottery_sherd":7,"minecraft:lapis_lazuli":1398,"minecraft:leather_boots":8,"minecraft:deepslate_brick_slab":209,"minecraft:raw_gold":144,"minecraft:cobbled_deepslate_slab":4,"minecraft:powered_rail":7,"minecraft:oak_planks":235,"minecraft:stone_hoe":1,"minecraft:ghast_tear":2,"minecraft:black_terracotta":29,"minecraft:music_disc_13":2,"minecraft:polished_blackstone_slab":231,"minecraft:poisonous_potato":9,"minecraft:sand":198,"minecraft:dead_bush":26,"minecraft:lily_of_the_valley":1,"minecraft:shulker_box":11,"minecraft:dark_prismarine":119,"minecraft:dark_prismarine_slab":74,"minecraft:spruce_fence_gate":3,"minecraft:clay":99,"minecraft:spruce_boat":5,"minecraft:diamond":96,"minecraft:oak_sapling":13,"minecraft:cocoa_beans":3,"minecraft:end_stone_bricks":89,"minecraft:lingering_potion":3,"minecraft:end_stone_brick_stairs":9,"minecraft:chicken":18,"minecraft:wooden_pickaxe":2,"minecraft:diamond_horse_armor":2,"minecraft:iron_axe":7,"minecraft:wooden_sword":4,"minecraft:item_frame":2,"minecraft:salmon_spawn_egg":1,"minecraft:candle":3,"minecraft:dark_prismarine_stairs":64,"minecraft:echo_shard":9,"minecraft:oak_boat":21,"minecraft:lectern":93,"minecraft:sugar_cane":139,"minecraft:spruce_trapdoor":13,"minecraft:phantom_membrane":5,"minecraft:dark_oak_sapling":10,"minecraft:raw_iron":411,"minecraft:orange_dye":3,"minecraft:copper_ingot":8,"minecraft:music_disc_relic":2,"minecraft:mooshroom_spawn_egg":1,"minecraft:bowl":13,"minecraft:quartz_pillar":42,"minecraft:friend_pottery_sherd":5,"minecraft:iron_horse_armor":2,"minecraft:dark_oak_planks":2,"minecraft:howl_pottery_sherd":17,"minecraft:arrow":281,"minecraft:saddle":4,"minecraft:wet_sponge":1,"minecraft:cracked_deepslate_tiles":26,"minecraft:glow_ink_sac":9,"minecraft:burn_pottery_sherd":26,"minecraft:crimson_stem":2,"minecraft:birch_planks":6,"minecraft:mushroom_stew":5,"minecraft:nether_wart_block":47,"minecraft:cobblestone_stairs":3,"minecraft:red_sandstone":26,"minecraft:soul_sand":31,"minecraft:music_disc_chirp":1,"minecraft:book":146,"minecraft:oak_slab":371,"minecraft:scaffolding":106,"minecraft:bamboo_planks":5,"minecraft:birch_boat":7,"minecraft:pitcher_plant":9,"minecraft:pumpkin":4,"minecraft:chiseled_stone_bricks":50,"minecraft:brush":4,"minecraft:budding_amethyst":6,"minecraft:raw_iron_block":25,"minecraft:dripstone_block":149,"minecraft:blast_furnace":7,"minecraft:white_bed":43,"minecraft:spider_eye":13,"minecraft:bamboo_mosaic":39,"minecraft:stripped_jungle_log":1,"minecraft:dried_kelp_block":9,"minecraft:honey_block":4,"minecraft:dead_bubble_coral_block":35,"minecraft:coal":550},"minecraft:custom":{"minecraft:interact_with_crafting_table":284,"minecraft:damage_blocked_by_shield":2014,"minecraft:play_time":2986418,"minecraft:deaths":25,"minecraft:jump":18108,"minecraft:play_record":2,"minecraft:interact_with_smoker":40,"minecraft:inspect_dispenser":63,"minecraft:horse_one_cm":108786,"minecraft:inspect_dropper":2,"minecraft:interact_with_anvil":74,"minecraft:inspect_hopper":134,"minecraft:time_since_rest":4715,"minecraft:swim_one_cm":15415,"minecraft:open_chest":3410,"minecraft:open_shulker_box":20,"minecraft:damage_resisted":190,"minecraft:talked_to_villager":546,"minecraft:damage_dealt_resisted":426,"minecraft:boat_one_cm":58113,"minecraft:damage_taken":28103,"minecraft:aviate_one_cm":3439380,"minecraft:bell_ring":34,"minecraft:eat_cake_slice":14,"minecraft:leave_game":72,"minecraft:time_since_death":89676,"minecraft:interact_with_furnace":101,"minecraft:traded_with_villager":845,"minecraft:sleep_in_bed":88,"minecraft:damage_dealt":69766,"minecraft:interact_with_smithing_table":23,"minecraft:sneak_time":268361,"minecraft:interact_with_blast_furnace":52,"minecraft:total_world_time":2986418,"minecraft:interact_with_stonecutter":22,"minecraft:fly_one_cm":5944596,"minecraft:fall_one_cm":299547,"minecraft:animals_bred":126,"minecraft:sprint_one_cm":4641555,"minecraft:drop":1988,"minecraft:walk_on_water_one_cm":452701,"minecraft:open_enderchest":35,"minecraft:player_kills":5,"minecraft:crouch_one_cm":850032,"minecraft:mob_kills":2481,"minecraft:climb_one_cm":47064,"minecraft:walk_one_cm":5667159,"minecraft:walk_under_water_one_cm":531083,"minecraft:interact_with_grindstone":6,"minecraft:minecart_one_cm":2462},"minecraft:killed":{"minecraft:skeleton_horse":17,"minecraft:iron_golem":4,"minecraft:goat":4,"minecraft:zombie":338,"minecraft:evoker":3,"minecraft:endermite":15,"minecraft:warden":2,"minecraft:frog":3,"minecraft:polar_bear":6,"minecraft:zombified_piglin":4,"minecraft:witch":1,"minecraft:spider":43,"minecraft:axolotl":1,"minecraft:silverfish":9,"minecraft:piglin":4,"minecraft:zombie_villager":3,"minecraft:sheep":9,"minecraft:mooshroom":1,"minecraft:ghast":3,"minecraft:vex":3,"minecraft:slime":65,"minecraft:drowned":4,"minecraft:hoglin":1,"minecraft:squid":1,"minecraft:wither_skeleton":12,"minecraft:villager":1,"minecraft:cave_spider":7,"minecraft:shulker":3,"minecraft:pufferfish":3,"minecraft:skeleton":314,"minecraft:chicken":17,"minecraft:magma_cube":46,"minecraft:glow_squid":2,"minecraft:cow":16,"minecraft:enderman":1187,"minecraft:wolf":2,"minecraft:creeper":280,"minecraft:stray":2,"minecraft:blaze":23,"minecraft:phantom":2,"minecraft:llama":1},"minecraft:used":{"minecraft:moss_block":1,"minecraft:writable_book":4,"minecraft:dispenser":24,"minecraft:farmland":74,"minecraft:rotten_flesh":2,"minecraft:soul_sand":7,"minecraft:deepslate_brick_slab":374,"minecraft:spruce_boat":4,"minecraft:polished_blackstone_slab":538,"minecraft:lava_bucket":38,"minecraft:villager_spawn_egg":11,"minecraft:netherite_boots":2,"minecraft:bow":574,"minecraft:guardian_spawn_egg":1,"minecraft:end_stone_brick_stairs":10,"minecraft:dark_prismarine_stairs":220,"minecraft:deepslate_brick_wall":337,"minecraft:damaged_anvil":3,"minecraft:prismarine":419,"minecraft:blackstone":10,"minecraft:wooden_pickaxe":19,"minecraft:leather_chestplate":1,"minecraft:composter":12,"minecraft:pitcher_pod":7,"minecraft:blast_furnace":15,"minecraft:deepslate_brick_stairs":73,"minecraft:birch_slab":121,"minecraft:nether_wart_block":3,"minecraft:diamond_sword":1043,"minecraft:smithing_table":1,"minecraft:birch_log":1,"minecraft:oak_boat":21,"minecraft:oak_trapdoor":165,"minecraft:armor_stand":6,"minecraft:torch":610,"minecraft:nether_quartz_ore":1,"minecraft:golden_shovel":33,"minecraft:oak_fence_gate":29,"minecraft:sea_lantern":6,"minecraft:iron_block":4,"minecraft:cherry_slab":96,"minecraft:bamboo":9,"minecraft:diamond_chestplate":1,"minecraft:basalt":39,"minecraft:calcite":5,"minecraft:wheat_seeds":429,"minecraft:cherry_planks":15,"minecraft:spruce_fence_gate":7,"minecraft:leather_boots":1,"minecraft:deepslate_bricks":1934,"minecraft:polished_deepslate_slab":72,"minecraft:rail":106,"minecraft:red_bed":6,"minecraft:white_bed":121,"minecraft:spruce_log":1,"minecraft:bamboo_fence_gate":3,"minecraft:diamond_pickaxe":3121,"minecraft:diamond_shovel":33,"minecraft:suspicious_stew":1,"minecraft:leather_helmet":3,"minecraft:spruce_trapdoor":39,"minecraft:spruce_sapling":23,"minecraft:potion":4,"minecraft:purple_bed":4,"minecraft:cooked_porkchop":4,"minecraft:brush":15,"minecraft:diamond_leggings":1,"minecraft:polished_deepslate":1,"minecraft:bone_block":3,"minecraft:decorated_pot":34,"minecraft:obsidian":66,"minecraft:lantern":61,"minecraft:polished_blackstone_brick_wall":7,"minecraft:item_frame":40,"minecraft:written_book":1,"minecraft:dark_oak_sapling":1,"minecraft:end_rod":2,"minecraft:diamond_boots":1,"minecraft:torchflower":10,"minecraft:stone_pickaxe":246,"minecraft:oak_planks":104,"minecraft:sandstone":4,"minecraft:diamond_axe":539,"minecraft:sugar_cane":67,"minecraft:white_wool":1,"minecraft:golden_hoe":8,"minecraft:netherite_leggings":3,"minecraft:mushroom_stew":23,"minecraft:lingering_potion":2,"minecraft:end_stone":61,"minecraft:lever":5,"minecraft:bread":11,"minecraft:coarse_dirt":176,"minecraft:bone_meal":227,"minecraft:netherite_sword":249,"minecraft:flint_and_steel":3,"minecraft:redstone":10,"minecraft:dried_kelp":9,"minecraft:ender_chest":15,"minecraft:stone_hoe":86,"minecraft:cooked_chicken":8,"minecraft:dirt":696,"minecraft:prismarine_bricks":318,"minecraft:golden_chestplate":1,"minecraft:spruce_fence":149,"minecraft:iron_hoe":306,"minecraft:wooden_axe":20,"minecraft:iron_boots":1,"minecraft:pitcher_plant":9,"minecraft:netherite_pickaxe":6215,"minecraft:minecart":29,"minecraft:cooked_beef":54,"minecraft:powder_snow_bucket":3,"minecraft:pumpkin":1,"minecraft:bamboo_planks":228,"minecraft:iron_leggings":1,"minecraft:baked_potato":248,"minecraft:birch_boat":3,"minecraft:spruce_sign":3,"minecraft:green_bed":3,"minecraft:dark_prismarine_slab":102,"minecraft:bamboo_block":1,"minecraft:piston":12,"minecraft:stone_slab":2,"minecraft:golden_leggings":1,"minecraft:stone_axe":57,"minecraft:nether_brick_fence":70,"minecraft:dead_horn_coral_block":5,"minecraft:spruce_slab":1066,"minecraft:polished_blackstone":15,"minecraft:elytra":36,"minecraft:chest":105,"minecraft:music_disc_relic":1,"minecraft:grass_block":112,"minecraft:music_disc_stal":1,"minecraft:furnace":8,"minecraft:egg":120,"minecraft:potato":311,"minecraft:diorite":18,"minecraft:end_stone_bricks":111,"minecraft:powered_rail":2,"minecraft:sand":13,"minecraft:netherite_helmet":2,"minecraft:lightning_rod":1,"minecraft:verdant_froglight":1,"minecraft:lectern":100,"minecraft:ice":2,"minecraft:stone_sword":3,"minecraft:netherrack":4363,"minecraft:anvil":8,"minecraft:red_shulker_box":1,"minecraft:iron_axe":777,"minecraft:rooted_dirt":46,"minecraft:prismarine_slab":77,"minecraft:goat_horn":4,"minecraft:cobbled_deepslate":10,"minecraft:observer":60,"minecraft:water_bucket":564,"minecraft:fletching_table":20,"minecraft:polished_blackstone_bricks":25,"minecraft:salmon":2,"minecraft:comparator":2,"minecraft:oak_slab":540,"minecraft:tnt":3,"minecraft:crafting_table":34,"minecraft:cake":2,"minecraft:oak_log":12,"minecraft:dark_prismarine":59,"minecraft:iron_pickaxe":794,"minecraft:cobblestone":20,"minecraft:kelp":24,"minecraft:candle":4,"minecraft:iron_shovel":243,"minecraft:diamond_hoe":150,"minecraft:oak_sign":118,"minecraft:shield":72,"minecraft:iron_sword":213,"minecraft:zombie_spawn_egg":5,"minecraft:bell":3,"minecraft:iron_chestplate":1,"minecraft:mooshroom_spawn_egg":1,"minecraft:nether_bricks":819,"minecraft:carrot":276,"minecraft:music_disc_11":1,"minecraft:axolotl_bucket":5,"minecraft:milk_bucket":1,"minecraft:glass":1598,"minecraft:packed_mud":1,"minecraft:iron_helmet":1,"minecraft:stone_bricks":10,"minecraft:bedrock":33,"minecraft:repeater":27,"minecraft:magma_block":2,"minecraft:scaffolding":56,"minecraft:beetroot_seeds":143,"minecraft:pearlescent_froglight":1,"minecraft:golden_boots":1,"minecraft:chiseled_polished_blackstone":8,"minecraft:ender_pearl":26,"minecraft:redstone_block":4,"minecraft:blue_bed":1,"minecraft:yellow_terracotta":8,"minecraft:sponge":9,"minecraft:dripstone_block":14,"minecraft:shears":1,"minecraft:redstone_torch":30,"minecraft:firework_rocket":212,"minecraft:melon_slice":6,"minecraft:string":1,"minecraft:gravel":43,"minecraft:golden_helmet":1,"minecraft:torchflower_seeds":9,"minecraft:grindstone":22,"minecraft:andesite":6,"minecraft:cobweb":2,"minecraft:cherry_boat":11,"minecraft:oak_fence":67,"minecraft:trident":1,"minecraft:stone_shovel":44,"minecraft:spruce_planks":833,"minecraft:spyglass":38,"minecraft:white_carpet":26,"minecraft:hopper":162,"minecraft:spruce_stairs":12,"minecraft:cobblestone_wall":62,"minecraft:diamond_helmet":2,"minecraft:shulker_box":9,"minecraft:granite":1,"minecraft:dark_oak_planks":28,"minecraft:bookshelf":29,"minecraft:polished_blackstone_brick_stairs":48,"minecraft:golden_carrot":64,"minecraft:cooked_mutton":5,"minecraft:amethyst_block":12,"minecraft:netherite_chestplate":34,"minecraft:stonecutter":11,"minecraft:cobblestone_slab":1134,"minecraft:smoker":2,"minecraft:netherite_axe":346,"minecraft:heartbreak_pottery_sherd":2,"minecraft:bucket":521},"minecraft:killed_by":{"minecraft:pufferfish":1,"minecraft:zombie":1,"minecraft:warden":2,"minecraft:drowned":2,"minecraft:elder_guardian":1,"minecraft:vex":2,"minecraft:player":5},"minecraft:mined":{"minecraft:white_bed":11,"minecraft:granite":46,"minecraft:acacia_log":1,"minecraft:bamboo_block":12,"minecraft:oak_wall_sign":1,"minecraft:nether_wart":30,"minecraft:polished_blackstone_bricks":4,"minecraft:magma_block":1458,"minecraft:fire":268,"minecraft:cobbled_deepslate":16,"minecraft:fletching_table":9,"minecraft:deepslate_lapis_ore":14,"minecraft:kelp_plant":1,"minecraft:deepslate_brick_wall":5,"minecraft:smoker":1,"minecraft:crimson_nylium":10,"minecraft:torch":55,"minecraft:melon":3,"minecraft:sugar_cane":59,"minecraft:amethyst_block":88,"minecraft:cherry_slab":53,"minecraft:white_terracotta":9,"minecraft:bamboo_planks":3,"minecraft:mud":22,"minecraft:pitcher_plant":3,"minecraft:mangrove_log":8,"minecraft:smooth_basalt":10,"minecraft:deepslate":60,"minecraft:suspicious_gravel":32,"minecraft:deepslate_tiles":27,"minecraft:dark_prismarine":19,"minecraft:mossy_cobblestone":5,"minecraft:dark_oak_log":6,"minecraft:sea_lantern":5,"minecraft:end_stone":259,"minecraft:spruce_fence":24,"minecraft:red_mushroom":1,"minecraft:redstone_ore":10,"minecraft:packed_mud":5,"minecraft:suspicious_sand":5,"minecraft:andesite":48,"minecraft:cobblestone_slab":50,"minecraft:rail":101,"minecraft:bone_block":29,"minecraft:fire_coral_block":2,"minecraft:ender_chest":14,"minecraft:oak_slab":148,"minecraft:soul_sand":12,"minecraft:polished_blackstone_brick_wall":3,"minecraft:dandelion":5,"minecraft:prismarine_slab":46,"minecraft:lightning_rod":1,"minecraft:purpur_pillar":9,"minecraft:tall_grass":5,"minecraft:copper_ore":51,"minecraft:deepslate_gold_ore":10,"minecraft:diorite":54,"minecraft:warped_wart_block":4,"minecraft:red_terracotta":1,"minecraft:coarse_dirt":16,"minecraft:cobblestone_wall":11,"minecraft:dark_prismarine_slab":39,"minecraft:gravel":89,"minecraft:cobweb":2,"minecraft:polished_blackstone":3,"minecraft:stone_bricks":2,"minecraft:gold_ore":11,"minecraft:farmland":28,"minecraft:budding_amethyst":21,"minecraft:gilded_blackstone":3,"minecraft:sculk_catalyst":13,"minecraft:spruce_slab":183,"minecraft:deepslate_redstone_ore":4,"minecraft:quartz_block":4,"minecraft:orange_terracotta":1,"minecraft:light_gray_terracotta":3,"minecraft:nether_quartz_ore":36,"minecraft:oak_planks":41,"minecraft:wall_torch":12,"minecraft:light_blue_terracotta":2,"minecraft:warped_nylium":18,"minecraft:blue_terracotta":3,"minecraft:powered_rail":2,"minecraft:tnt":2,"minecraft:oak_log":32,"minecraft:beetroots":70,"minecraft:dirt":171,"minecraft:raw_copper_block":1,"minecraft:ancient_debris":15,"minecraft:mangrove_roots":2,"minecraft:lever":1,"minecraft:chiseled_bookshelf":1,"minecraft:purple_terracotta":2,"minecraft:decorated_pot":11,"minecraft:birch_slab":47,"minecraft:spruce_leaves":5,"minecraft:infested_chiseled_stone_bricks":1,"minecraft:raw_gold_block":3,"minecraft:nether_brick_fence":2,"minecraft:bookshelf":29,"minecraft:deepslate_iron_ore":11,"minecraft:shroomlight":1,"minecraft:pink_terracotta":4,"minecraft:scaffolding":38,"minecraft:snow_block":7,"minecraft:basalt":169,"minecraft:oak_fence":3,"minecraft:deepslate_coal_ore":18,"minecraft:polished_blackstone_brick_stairs":16,"minecraft:prismarine_bricks":141,"minecraft:dead_fire_coral_block":1,"minecraft:end_stone_brick_stairs":6,"minecraft:polished_blackstone_slab":15,"minecraft:ice":3,"minecraft:muddy_mangrove_roots":3,"minecraft:cracked_stone_bricks":4,"minecraft:mossy_stone_bricks":8,"minecraft:dark_oak_planks":8,"minecraft:dark_prismarine_stairs":61,"minecraft:cherry_log":2,"minecraft:carved_pumpkin":1,"minecraft:obsidian":19,"minecraft:red_sand":4,"minecraft:jungle_log":3,"minecraft:deepslate_bricks":344,"minecraft:bubble_coral_block":6,"minecraft:tube_coral_block":4,"minecraft:hopper":6,"minecraft:chiseled_stone_bricks":3,"minecraft:pumpkin":3,"minecraft:sculk_shrieker":12,"minecraft:polished_deepslate_slab":7,"minecraft:oak_sign":2,"minecraft:dirt_path":1,"minecraft:deepslate_brick_stairs":3,"minecraft:stripped_bamboo_block":1,"minecraft:red_bed":5,"minecraft:blast_furnace":7,"minecraft:glass":142,"minecraft:damaged_anvil":4,"minecraft:wheat":358,"minecraft:oak_fence_gate":1,"minecraft:red_mushroom_block":1,"minecraft:stonecutter":11,"minecraft:piston":5,"minecraft:yellow_terracotta":9,"minecraft:shulker_box":7,"minecraft:nether_bricks":28,"minecraft:cobbled_deepslate_slab":2,"minecraft:moss_block":22,"minecraft:red_sandstone":1,"minecraft:snow":7,"minecraft:potatoes":243,"minecraft:bamboo":18,"minecraft:white_wool":1,"minecraft:cherry_planks":15,"minecraft:light_gray_concrete_powder":2,"minecraft:short_grass":38,"minecraft:emerald_ore":8,"minecraft:sponge":2,"minecraft:dried_kelp_block":7,"minecraft:pearlescent_froglight":2,"minecraft:purple_bed":2,"minecraft:white_carpet":2,"minecraft:torchflower":10,"minecraft:spruce_log":426,"minecraft:mycelium":7,"minecraft:pitcher_crop":6,"minecraft:dripstone_block":18,"minecraft:spruce_fence_gate":1,"minecraft:deepslate_emerald_ore":3,"minecraft:spruce_planks":241,"minecraft:cobblestone_stairs":4,"minecraft:grass_block":43,"minecraft:soul_soil":5,"minecraft:mud_bricks":4,"minecraft:raw_iron_block":4,"minecraft:glowstone":17,"minecraft:iron_ore":40,"minecraft:anvil":1,"minecraft:end_stone_bricks":75,"minecraft:brain_coral_block":6,"minecraft:green_bed":4,"minecraft:cyan_terracotta":5,"minecraft:blackstone":210,"minecraft:dead_bubble_coral_block":1,"minecraft:clay":6,"minecraft:calcite":56,"minecraft:chest":58,"minecraft:cobblestone":80,"minecraft:honeycomb_block":1,"minecraft:grindstone":20,"minecraft:prismarine":18,"minecraft:deepslate_copper_ore":19,"minecraft:nether_wart_block":3,"minecraft:birch_log":14,"minecraft:cracked_deepslate_tiles":2,"minecraft:sand":29,"minecraft:netherrack":5183,"minecraft:horn_coral_block":6,"minecraft:nether_gold_ore":19,"minecraft:diamond_ore":1,"minecraft:tuff":6,"minecraft:deepslate_diamond_ore":9,"minecraft:calibrated_sculk_sensor":21,"minecraft:sandstone":6,"minecraft:rooted_dirt":4,"minecraft:deepslate_brick_slab":18,"minecraft:oak_trapdoor":3,"minecraft:spruce_sapling":1,"minecraft:furnace":5,"minecraft:carrots":132,"minecraft:chiseled_deepslate":10,"minecraft:dead_horn_coral_block":6,"minecraft:polished_deepslate":1,"minecraft:lantern":12,"minecraft:packed_ice":15,"minecraft:chorus_plant":2,"minecraft:stone":104,"minecraft:redstone_wall_torch":1,"minecraft:podzol":7,"minecraft:crafting_table":30,"minecraft:sculk_sensor":17,"minecraft:lectern":93,"minecraft:lapis_ore":12,"minecraft:sculk":42,"minecraft:blue_bed":2,"minecraft:spruce_stairs":4,"minecraft:beehive":1,"minecraft:redstone_torch":5,"minecraft:coal_ore":39,"minecraft:end_rod":1,"minecraft:terracotta":6},"minecraft:crafted":{"minecraft:chainmail_helmet":9,"minecraft:oak_sign":12,"minecraft:blaze_powder":2,"minecraft:shulker_box":2,"minecraft:diamond_helmet":4,"minecraft:decorated_pot":17,"minecraft:smithing_table":1,"minecraft:fletching_table":3,"minecraft:polished_deepslate_slab":78,"minecraft:lectern":11,"minecraft:golden_leggings":2,"minecraft:iron_pickaxe":4,"minecraft:netherite_ingot":1,"minecraft:golden_carrot":91,"minecraft:iron_nugget":36,"minecraft:spyglass":3,"minecraft:diamond_hoe":7,"minecraft:spruce_fence":108,"minecraft:lantern":25,"minecraft:spruce_stairs":12,"minecraft:red_shulker_box":1,"minecraft:stone_pickaxe":2,"minecraft:spruce_boat":3,"minecraft:prismarine_slab":14,"minecraft:lead":2,"minecraft:leather_helmet":2,"minecraft:enchanted_book":76,"minecraft:oak_fence_gate":3,"minecraft:raiser_armor_trim_smithing_template":2,"minecraft:chainmail_boots":12,"minecraft:iron_shovel":2,"minecraft:grindstone":2,"minecraft:cobblestone_slab":138,"minecraft:cherry_slab":138,"minecraft:cooked_chicken":18,"minecraft:cherry_boat":3,"minecraft:stone":29,"minecraft:bow":10,"minecraft:netherite_helmet":1,"minecraft:polished_basalt":64,"minecraft:chest":34,"minecraft:rail":16,"minecraft:ender_eye":2,"minecraft:oak_fence":27,"minecraft:golden_boots":2,"minecraft:sea_lantern":1,"minecraft:arrow":48,"minecraft:iron_helmet":7,"minecraft:brush":1,"minecraft:chainmail_chestplate":3,"minecraft:chiseled_polished_blackstone":15,"minecraft:spruce_trapdoor":8,"minecraft:stick":3219,"minecraft:iron_ingot":2069,"minecraft:deepslate_bricks":264,"minecraft:netherite_sword":1,"minecraft:leather_boots":2,"minecraft:golden_chestplate":2,"minecraft:furnace":11,"minecraft:blast_furnace":8,"minecraft:raw_copper_block":92,"minecraft:oak_trapdoor":4,"minecraft:flint_and_steel":1,"minecraft:scaffolding":120,"minecraft:netherite_chestplate":1,"minecraft:cobblestone_wall":60,"minecraft:iron_sword":4,"minecraft:golden_shovel":2,"minecraft:mangrove_planks":148,"minecraft:anvil":2,"minecraft:torch":132,"minecraft:diamond_chestplate":7,"minecraft:ender_chest":2,"minecraft:smooth_stone":24,"minecraft:birch_slab":96,"minecraft:polished_blackstone_slab":78,"minecraft:bookshelf":47,"minecraft:dark_prismarine_stairs":15,"minecraft:cooked_mutton":2,"minecraft:glass":301,"minecraft:diamond_leggings":5,"minecraft:netherite_boots":1,"minecraft:polished_blackstone":40,"minecraft:emerald":4832,"minecraft:cooked_porkchop":4,"minecraft:diamond_axe":11,"minecraft:copper_ingot":8,"minecraft:bamboo_planks":110,"minecraft:iron_block":1657,"minecraft:gold_ingot":58,"minecraft:spruce_fence_gate":3,"minecraft:stone_shovel":1,"minecraft:leather_leggings":3,"minecraft:bone_meal":66,"minecraft:netherite_axe":1,"minecraft:deepslate_brick_wall":42,"minecraft:spruce_slab":675,"minecraft:diamond_boots":7,"minecraft:dark_oak_planks":32,"minecraft:golden_helmet":2,"minecraft:wheat":9,"minecraft:dried_kelp":45,"minecraft:deepslate_brick_slab":6,"minecraft:red_bed":1,"minecraft:blue_bed":1,"minecraft:polished_blackstone_brick_wall":18,"minecraft:wooden_axe":1,"minecraft:iron_leggings":3,"minecraft:white_bed":40,"minecraft:golden_hoe":1,"minecraft:oak_planks":323,"minecraft:shaper_armor_trim_smithing_template":2,"minecraft:hopper":21,"minecraft:iron_boots":14,"minecraft:raw_copper":351,"minecraft:netherite_upgrade_smithing_template":14,"minecraft:stone_hoe":1,"minecraft:raw_iron_block":6,"minecraft:smoker":1,"minecraft:item_frame":3,"minecraft:oak_slab":174,"minecraft:crafting_table":13,"minecraft:spruce_planks":2408,"minecraft:baked_potato":81,"minecraft:birch_planks":104,"minecraft:charcoal":7,"minecraft:iron_chestplate":2,"minecraft:book":17,"minecraft:paper":63,"minecraft:diamond_pickaxe":11,"minecraft:shield":15,"minecraft:leather_chestplate":2,"minecraft:redstone_torch":6,"minecraft:shears":2,"minecraft:cherry_planks":256,"minecraft:coarse_dirt":144,"minecraft:raw_iron":18,"minecraft:netherite_leggings":1,"minecraft:polished_deepslate":304,"minecraft:iron_axe":29,"minecraft:iron_hoe":1,"minecraft:minecart":2,"minecraft:cooked_beef":54,"minecraft:sugar":1,"minecraft:red_dye":7,"minecraft:diamond_sword":5,"minecraft:powered_rail":6,"minecraft:bell":8,"minecraft:bowl":4,"minecraft:bucket":9,"minecraft:stone_axe":13,"minecraft:air":0,"minecraft:bread":12,"minecraft:blue_dye":3,"minecraft:oak_boat":1,"minecraft:white_wool":2,"minecraft:gold_nugget":675,"minecraft:lapis_block":15,"minecraft:firework_rocket":36},"minecraft:broken":{"minecraft:diamond_pickaxe":1,"minecraft:iron_pickaxe":1,"minecraft:leather_leggings":1,"minecraft:stone_pickaxe":1,"minecraft:golden_boots":1,"minecraft:iron_axe":2,"minecraft:golden_helmet":1,"minecraft:golden_shovel":1,"minecraft:wooden_axe":1,"minecraft:leather_boots":1}},"DataVersion":3700}