{"stats":{"minecraft:dropped":{"minecraft:water_bucket":2,"minecraft:iron_sword":3,"minecraft:mossy_cobblestone":1,"minecraft:diamond":1,"minecraft:jungle_planks":1,"minecraft:bamboo_block":14,"minecraft:brush":1,"minecraft:iron_axe":2,"minecraft:iron_pickaxe":4,"minecraft:iron_shovel":2,"minecraft:stone_axe":2,"minecraft:cobbled_deepslate":1,"minecraft:spruce_fence":1,"minecraft:stripped_bamboo_block":4,"minecraft:shield":1,"minecraft:andesite":2},"minecraft:picked_up":{"minecraft:seagrass":5,"minecraft:cocoa_beans":16,"minecraft:crafting_table":2,"minecraft:wheat":60,"minecraft:shield":1,"minecraft:amethyst_block":18,"minecraft:raw_copper":213,"minecraft:iron_axe":2,"minecraft:iron_shovel":2,"minecraft:gold_nugget":2,"minecraft:cobbled_deepslate":127,"minecraft:spruce_planks":1,"minecraft:white_tulip":6,"minecraft:calcite":32,"minecraft:iron_pickaxe":20,"minecraft:sugar_cane":7,"minecraft:chest":16,"minecraft:egg":3,"minecraft:stick":60,"minecraft:raw_iron":71,"minecraft:sheaf_pottery_sherd":6,"minecraft:squid_spawn_egg":1,"minecraft:torch":26,"minecraft:acacia_log":10,"minecraft:spruce_fence":2,"minecraft:white_dye":8,"minecraft:diorite":41,"minecraft:carrot":22,"minecraft:vine":2,"minecraft:friend_pottery_sherd":3,"minecraft:redstone":61,"minecraft:prismarine_crystals":2,"minecraft:green_terracotta":9,"minecraft:rabbit_foot":2,"minecraft:bamboo_block":66,"minecraft:decorated_pot":1,"minecraft:cobblestone":99,"minecraft:heartbreak_pottery_sherd":23,"minecraft:burn_pottery_sherd":15,"minecraft:jungle_log":38,"minecraft:water_bucket":2,"minecraft:andesite":37,"minecraft:leather":2,"minecraft:flint":3,"minecraft:tuff":45,"minecraft:prismarine_bricks":2,"minecraft:lily_pad":3,"minecraft:danger_pottery_sherd":21,"minecraft:wandering_trader_spawn_egg":1,"minecraft:heart_pottery_sherd":12,"minecraft:lapis_lazuli":168,"minecraft:stripped_bamboo_block":10,"minecraft:wheat_seeds":157,"minecraft:raw_gold":32,"minecraft:rabbit_hide":2,"minecraft:spore_blossom":5,"minecraft:arms_up_pottery_sherd":6,"minecraft:glowstone_dust":4,"minecraft:glass_bottle":16,"minecraft:acacia_sapling":4,"minecraft:moss_block":14,"minecraft:prismarine":6,"minecraft:iron_sword":8,"minecraft:flowering_azalea":2,"minecraft:oak_slab":4,"minecraft:smooth_basalt":9,"minecraft:warped_fungus":2,"minecraft:brush":1,"minecraft:lime_terracotta":35,"minecraft:dripstone_block":35,"minecraft:torchflower_seeds":4,"minecraft:gravel":3,"minecraft:jungle_planks":37,"minecraft:amethyst_shard":6,"minecraft:spruce_log":2,"minecraft:spider_eye":2,"minecraft:mossy_cobblestone":135,"minecraft:dark_prismarine":1,"minecraft:sugar":8,"minecraft:diamond":14,"minecraft:stone_axe":19,"minecraft:miner_pottery_sherd":3,"minecraft:dead_brain_coral_block":3,"minecraft:granite":5,"minecraft:bone_meal":6,"minecraft:bread":1,"minecraft:emerald":35,"minecraft:coal":49,"minecraft:diamond_pickaxe":2},"minecraft:custom":{"minecraft:mob_kills":6,"minecraft:animals_bred":1,"minecraft:interact_with_crafting_table":7,"minecraft:damage_dealt_resisted":34,"minecraft:leave_game":2,"minecraft:time_since_death":19192,"minecraft:damage_resisted":90,"minecraft:sprint_one_cm":232994,"minecraft:walk_one_cm":259548,"minecraft:drop":27,"minecraft:talked_to_villager":1,"minecraft:play_time":96294,"minecraft:deaths":22,"minecraft:sneak_time":6206,"minecraft:walk_under_water_one_cm":11086,"minecraft:boat_one_cm":62,"minecraft:jump":481,"minecraft:interact_with_blast_furnace":2,"minecraft:walk_on_water_one_cm":50081,"minecraft:total_world_time":96294,"minecraft:sleep_in_bed":3,"minecraft:time_since_rest":22242,"minecraft:damage_taken":6438,"minecraft:damage_dealt":3503,"minecraft:swim_one_cm":342,"minecraft:fly_one_cm":61548,"minecraft:player_kills":1,"minecraft:open_chest":41,"minecraft:crouch_one_cm":7683,"minecraft:fall_one_cm":10755,"minecraft:horse_one_cm":313},"minecraft:killed":{"minecraft:vex":5,"minecraft:witch":1},"minecraft:used":{"minecraft:decorated_pot":1,"minecraft:chest":2,"minecraft:iron_sword":12,"minecraft:torch":6,"minecraft:carrot":18,"minecraft:axolotl_bucket":2,"minecraft:cobbled_deepslate":5,"minecraft:wheat_seeds":65,"minecraft:water_bucket":23,"minecraft:diorite":1,"minecraft:mossy_cobblestone":4,"minecraft:crafting_table":1,"minecraft:dripstone_block":3,"minecraft:diamond_pickaxe":152,"minecraft:bread":9,"minecraft:iron_pickaxe":185,"minecraft:stone_axe":99,"minecraft:bucket":25},"minecraft:killed_by":{"minecraft:player":4,"minecraft:witch":4,"minecraft:vex":10},"minecraft:mined":{"minecraft:dark_prismarine":1,"minecraft:diamond_ore":2,"minecraft:tuff":20,"minecraft:spruce_planks":1,"minecraft:mossy_cobblestone":32,"minecraft:deepslate_diamond_ore":3,"minecraft:sea_lantern":1,"minecraft:granite":4,"minecraft:budding_amethyst":1,"minecraft:spruce_fence":1,"minecraft:decorated_pot":2,"minecraft:jungle_log":7,"minecraft:bamboo_block":19,"minecraft:moss_block":5,"minecraft:redstone_ore":1,"minecraft:carrots":2,"minecraft:iron_ore":7,"minecraft:cobbled_deepslate":20,"minecraft:suspicious_sand":8,"minecraft:green_terracotta":1,"minecraft:andesite":9,"minecraft:deepslate_lapis_ore":5,"minecraft:cobblestone_slab":1,"minecraft:deepslate_iron_ore":4,"minecraft:stripped_bamboo_block":3,"minecraft:stone":12,"minecraft:brain_coral_block":2,"minecraft:deepslate_redstone_ore":3,"minecraft:oak_slab":4,"minecraft:crafting_table":1,"minecraft:torch":5,"minecraft:emerald_ore":7,"minecraft:calcite":18,"minecraft:chest":3,"minecraft:copper_ore":13,"minecraft:cobblestone":15,"minecraft:deepslate_coal_ore":6,"minecraft:deepslate_gold_ore":8,"minecraft:lapis_ore":8,"minecraft:prismarine":2,"minecraft:diorite":14,"minecraft:amethyst_block":6,"minecraft:deepslate_copper_ore":1,"minecraft:prismarine_bricks":1,"minecraft:wheat":34,"minecraft:coal_ore":4,"minecraft:lime_terracotta":8,"minecraft:gravel":1,"minecraft:dripstone_block":5,"minecraft:smooth_basalt":3,"minecraft:gold_ore":1,"minecraft:deepslate_emerald_ore":1,"minecraft:deepslate":18,"minecraft:suspicious_gravel":20},"minecraft:crafted":{"minecraft:crafting_table":1,"minecraft:bread":11,"minecraft:jungle_planks":16,"minecraft:bamboo_planks":2},"minecraft:broken":{"minecraft:stone_axe":1}},"DataVersion":3700}