{"stats":{"minecraft:killed":{"minecraft:cave_spider":1,"minecraft:zombie_horse":2,"minecraft:skeleton":94,"minecraft:guardian":3,"minecraft:fox":3,"minecraft:chicken":9,"minecraft:magma_cube":43,"minecraft:elder_guardian":1,"minecraft:salmon":3,"minecraft:ender_dragon":1,"minecraft:pillager":2,"minecraft:goat":1,"minecraft:donkey":4,"minecraft:zombie":90,"minecraft:glow_squid":2,"minecraft:cow":84,"minecraft:endermite":5,"minecraft:vindicator":10,"minecraft:zoglin":2,"minecraft:horse":4,"minecraft:warden":3,"minecraft:husk":26,"minecraft:sniffer":1,"minecraft:wandering_trader":6,"minecraft:frog":3,"minecraft:polar_bear":1,"minecraft:enderman":19,"minecraft:zombified_piglin":6,"minecraft:witch":6,"minecraft:spider":10,"minecraft:bee":3,"minecraft:turtle":4,"minecraft:camel":3,"minecraft:wolf":1,"minecraft:piglin":4,"minecraft:zombie_villager":8,"minecraft:strider":1,"minecraft:creeper":103,"minecraft:sheep":5,"minecraft:trader_llama":4,"minecraft:ghast":4,"minecraft:stray":1,"minecraft:blaze":4,"minecraft:vex":5,"minecraft:slime":108,"minecraft:phantom":3,"minecraft:llama":7,"minecraft:drowned":5,"minecraft:hoglin":5,"minecraft:squid":1,"minecraft:wither_skeleton":2},"minecraft:dropped":{"minecraft:iron_sword":2,"minecraft:short_grass":4,"minecraft:lapis_lazuli":64,"minecraft:glass_bottle":10,"minecraft:spore_blossom":14,"minecraft:crafting_table":7,"minecraft:red_sandstone":15,"minecraft:cookie":288,"minecraft:glow_berries":6,"minecraft:sheaf_pottery_sherd":4,"minecraft:archer_pottery_sherd":8,"minecraft:bubble_coral_fan":6,"minecraft:rail":3,"minecraft:leather_helmet":2,"minecraft:emerald":99,"minecraft:packed_mud":9,"minecraft:dirt":27,"minecraft:yellow_dye":2,"minecraft:cracked_deepslate_tiles":1,"minecraft:writable_book":1,"minecraft:wooden_sword":2,"minecraft:gold_nugget":25,"minecraft:bone_meal":28,"minecraft:sand":18,"minecraft:verdant_froglight":1,"minecraft:sugar":8,"minecraft:iron_pickaxe":6,"minecraft:dark_oak_planks":22,"minecraft:white_wool":1,"minecraft:bone":16,"minecraft:brain_coral_fan":1,"minecraft:stone_axe":3,"minecraft:sugar_cane":4,"minecraft:lever":1,"minecraft:iron_nugget":6,"minecraft:golden_chestplate":2,"minecraft:cobbled_deepslate":14,"minecraft:nether_brick":29,"minecraft:wheat":17,"minecraft:obsidian":2,"minecraft:deepslate_brick_slab":2,"minecraft:rotten_flesh":26,"minecraft:oak_planks":79,"minecraft:enchanted_golden_apple":4,"minecraft:glowstone_dust":8,"minecraft:white_bed":25,"minecraft:salmon":8,"minecraft:rabbit_foot":2,"minecraft:chiseled_deepslate":3,"minecraft:sea_lantern":4,"minecraft:raiser_armor_trim_smithing_template":1,"minecraft:quartz_block":1,"minecraft:jungle_log":4,"minecraft:leather_boots":2,"minecraft:acacia_sapling":2,"minecraft:leather_leggings":3,"minecraft:spruce_slab":20,"minecraft:red_nether_bricks":2,"minecraft:glass":8,"minecraft:beef":21,"minecraft:warped_wart_block":3,"minecraft:dead_tube_coral_block":1,"minecraft:egg":1,"minecraft:iron_ingot":19,"minecraft:enchanted_book":1,"minecraft:golden_boots":8,"minecraft:netherite_pickaxe":4,"minecraft:wheat_seeds":379,"minecraft:polished_blackstone":1,"minecraft:golden_horse_armor":1,"minecraft:dripstone_block":8,"minecraft:oak_fence":47,"minecraft:iron_helmet":2,"minecraft:feather":8,"minecraft:cobblestone":150,"minecraft:book":2,"minecraft:apple":51,"minecraft:granite":8,"minecraft:deepslate_tile_slab":7,"minecraft:bamboo_block":1,"minecraft:chainmail_helmet":11,"minecraft:coal":12,"minecraft:golden_apple":12,"minecraft:mushroom_stew":2,"minecraft:oxeye_daisy":2,"minecraft:lava_bucket":1,"minecraft:dried_kelp_block":1,"minecraft:gray_wool":1,"minecraft:golden_carrot":195,"minecraft:ink_sac":4,"minecraft:wooden_axe":2,"minecraft:rabbit":1,"minecraft:diamond_helmet":2,"minecraft:potion":2,"minecraft:dead_bush":24,"minecraft:brown_terracotta":1,"minecraft:red_dye":6,"minecraft:mud":6,"minecraft:smooth_stone":1,"minecraft:paper":12,"minecraft:iron_shovel":2,"minecraft:string":97,"minecraft:lily_pad":6,"minecraft:spruce_sapling":3,"minecraft:furnace":1,"minecraft:moss_carpet":10,"minecraft:netherite_ingot":4,"minecraft:stone_sword":1,"minecraft:cobblestone_wall":3,"minecraft:bowl":3,"minecraft:chicken":4,"minecraft:clay_ball":16,"minecraft:iron_boots":9,"minecraft:name_tag":1,"minecraft:glow_lichen":8,"minecraft:white_terracotta":14,"minecraft:nether_bricks":1,"minecraft:spruce_fence":19,"minecraft:oak_sign":1,"minecraft:shears":3,"minecraft:suspicious_stew":7,"minecraft:lily_of_the_valley":1,"minecraft:diamond_sword":2,"minecraft:cobblestone_slab":1255,"minecraft:potato":69,"minecraft:spruce_boat":1,"minecraft:shroomlight":2,"minecraft:stone":1,"minecraft:spruce_planks":91,"minecraft:diamond_pickaxe":2,"minecraft:wooden_shovel":4,"minecraft:spider_eye":11,"minecraft:magenta_dye":5,"minecraft:birch_boat":3,"minecraft:sandstone":19,"minecraft:bow":21,"minecraft:red_sand":8,"minecraft:magma_block":8,"minecraft:dark_prismarine":1,"minecraft:terracotta":4,"minecraft:warped_stem":2,"minecraft:candle":3,"minecraft:soul_sand":8,"minecraft:orange_dye":1,"minecraft:diamond_axe":1,"minecraft:oak_log":1,"minecraft:baked_potato":113,"minecraft:ender_pearl":1,"minecraft:netherite_upgrade_smithing_template":11,"minecraft:shaper_armor_trim_smithing_template":1,"minecraft:lantern":18,"minecraft:leather":19,"minecraft:iron_horse_armor":1,"minecraft:birch_slab":2,"minecraft:cod":1,"minecraft:flint":1,"minecraft:music_disc_11":1,"minecraft:deepslate_tile_stairs":1,"minecraft:brush":2,"minecraft:dispenser":10,"minecraft:cornflower":3,"minecraft:seagrass":24,"minecraft:snowball":53,"minecraft:pumpkin_pie":48,"minecraft:gilded_blackstone":1,"minecraft:tube_coral":1,"minecraft:birch_log":15,"minecraft:gold_ingot":1,"minecraft:gravel":10,"minecraft:blackstone":19,"minecraft:white_tulip":6,"minecraft:pink_terracotta":5,"minecraft:prize_pottery_sherd":3,"minecraft:spyglass":3,"minecraft:cherry_sapling":2,"minecraft:carrot":2,"minecraft:ward_armor_trim_smithing_template":1,"minecraft:poppy":1032,"minecraft:leather_chestplate":2,"minecraft:trident":3,"minecraft:mangrove_log":1,"minecraft:gunpowder":9,"minecraft:dune_armor_trim_smithing_template":1,"minecraft:dropper":1,"minecraft:horn_coral_fan":1,"minecraft:fire_coral_fan":1,"minecraft:glowstone":2,"minecraft:chest":65,"minecraft:chainmail_boots":11,"minecraft:azalea":5,"minecraft:basalt":106,"minecraft:arrow":74,"minecraft:prismarine_bricks":2,"minecraft:scaffolding":1,"minecraft:quartz":17,"minecraft:written_book":1,"minecraft:light_gray_concrete_powder":4,"minecraft:netherrack":976,"minecraft:firework_rocket":43,"minecraft:water_bucket":3,"minecraft:bread":5,"minecraft:oak_slab":69,"minecraft:stripped_spruce_log":1,"minecraft:vine":6,"minecraft:golden_helmet":3,"minecraft:cherry_log":1,"minecraft:mossy_cobblestone":2,"minecraft:diamond_leggings":4,"minecraft:prismarine_shard":1,"minecraft:lead":1,"minecraft:sculk_vein":7,"minecraft:spectral_arrow":11,"minecraft:amethyst_block":17,"minecraft:frogspawn":6,"minecraft:stick":18,"minecraft:iron_block":795,"minecraft:blue_dye":2,"minecraft:pearlescent_froglight":1,"minecraft:diorite":64,"minecraft:torch":140,"minecraft:nether_wart_block":14,"minecraft:iron_leggings":1,"minecraft:polished_blackstone_brick_slab":2,"minecraft:flowering_azalea":1,"minecraft:iron_axe":3,"minecraft:raw_iron_block":5,"minecraft:cactus":3,"minecraft:bucket":2,"minecraft:music_disc_cat":2,"minecraft:dandelion":6,"minecraft:smooth_basalt":16,"minecraft:redstone":50,"minecraft:cherry_wood":10,"minecraft:kelp":1,"minecraft:coarse_dirt":3,"minecraft:raw_copper":51,"minecraft:light_gray_terracotta":2,"minecraft:tuff":1,"minecraft:raw_iron":1,"minecraft:iron_hoe":2,"minecraft:comparator":1,"minecraft:totem_of_undying":5,"minecraft:red_terracotta":2,"minecraft:flint_and_steel":2,"minecraft:deepslate_bricks":32,"minecraft:muddy_mangrove_roots":2,"minecraft:mud_bricks":1,"minecraft:shield":4,"minecraft:diamond_chestplate":3,"minecraft:orange_terracotta":2,"minecraft:iron_chestplate":1,"minecraft:andesite":23,"minecraft:golden_leggings":6,"minecraft:oak_boat":1,"minecraft:oak_sapling":2,"minecraft:spruce_log":10,"minecraft:brain_coral":3,"minecraft:diamond_boots":3,"minecraft:slime_ball":1,"minecraft:stone_pickaxe":4,"minecraft:wooden_pickaxe":3,"minecraft:raw_gold":9,"minecraft:calcite":12,"minecraft:heartbreak_pottery_sherd":5},"minecraft:mined":{"minecraft:dark_oak_planks":5,"minecraft:dark_prismarine_stairs":10,"minecraft:red_shulker_box":12,"minecraft:white_bed":1,"minecraft:cherry_log":25,"minecraft:red_nether_bricks":52,"minecraft:obsidian":15,"minecraft:acacia_log":15,"minecraft:granite":40,"minecraft:red_sand":109,"minecraft:jungle_log":5,"minecraft:deepslate_bricks":50,"minecraft:purpur_slab":3,"minecraft:deepslate_tile_stairs":14,"minecraft:bubble_coral_block":3,"minecraft:bamboo_block":37,"minecraft:tube_coral_block":7,"minecraft:nether_wart":10,"minecraft:chiseled_stone_bricks":1,"minecraft:magma_block":31,"minecraft:cobbled_deepslate":13,"minecraft:fire":419,"minecraft:deepslate_lapis_ore":28,"minecraft:pumpkin":1,"minecraft:fletching_table":4,"minecraft:oak_sign":2,"minecraft:cave_vines":31,"minecraft:white_shulker_box":18,"minecraft:stripped_bamboo_block":1,"minecraft:red_bed":2,"minecraft:crimson_nylium":37,"minecraft:smoker":1,"minecraft:deepslate_tile_slab":7,"minecraft:powder_snow":2,"minecraft:torch":67,"minecraft:melon":4,"minecraft:glass":55,"minecraft:bamboo_mosaic":3,"minecraft:sugar_cane":104,"minecraft:spruce_sign":1,"minecraft:amethyst_block":137,"minecraft:white_terracotta":61,"minecraft:repeater":33,"minecraft:mud":86,"minecraft:wheat":192,"minecraft:jukebox":1,"minecraft:pitcher_plant":1,"minecraft:dark_oak_sapling":2,"minecraft:smooth_quartz":11,"minecraft:mangrove_log":26,"minecraft:smooth_basalt":21,"minecraft:red_mushroom_block":10,"minecraft:deepslate":125,"minecraft:piston":1,"minecraft:yellow_terracotta":25,"minecraft:suspicious_gravel":104,"minecraft:dark_prismarine":62,"minecraft:deepslate_tiles":1,"minecraft:mossy_cobblestone":29,"minecraft:dark_oak_log":94,"minecraft:jack_o_lantern":2,"minecraft:sea_lantern":38,"minecraft:end_stone":305,"minecraft:shulker_box":11,"minecraft:nether_bricks":64,"minecraft:spruce_fence":108,"minecraft:redstone_wire":11,"minecraft:moss_block":53,"minecraft:redstone_ore":28,"minecraft:packed_mud":50,"minecraft:red_sandstone":90,"minecraft:snow":74,"minecraft:suspicious_sand":62,"minecraft:andesite":38,"minecraft:potatoes":60,"minecraft:rail":112,"minecraft:cobblestone_slab":91,"minecraft:respawn_anchor":1,"minecraft:bone_block":33,"minecraft:fire_coral_block":11,"minecraft:ender_chest":3,"minecraft:smithing_table":3,"minecraft:oak_slab":13,"minecraft:comparator":5,"minecraft:soul_sand":70,"minecraft:polished_blackstone_brick_wall":68,"minecraft:emerald_ore":27,"minecraft:prismarine_slab":6,"minecraft:sponge":12,"minecraft:dropper":3,"minecraft:purpur_pillar":4,"minecraft:copper_ore":96,"minecraft:deepslate_gold_ore":29,"minecraft:dried_kelp_block":5,"minecraft:diorite":152,"minecraft:warped_wart_block":25,"minecraft:pearlescent_froglight":5,"minecraft:red_terracotta":12,"minecraft:purple_bed":1,"minecraft:coarse_dirt":7,"minecraft:spruce_log":1439,"minecraft:quartz_pillar":12,"minecraft:dark_prismarine_slab":14,"minecraft:mycelium":25,"minecraft:pitcher_crop":1,"minecraft:gravel":78,"minecraft:dripstone_block":29,"minecraft:brown_terracotta":17,"minecraft:spruce_fence_gate":4,"minecraft:stone_bricks":25,"minecraft:gold_ore":36,"minecraft:deepslate_emerald_ore":12,"minecraft:spruce_planks":358,"minecraft:oak_sapling":3,"minecraft:farmland":1,"minecraft:cobblestone_stairs":34,"minecraft:brewing_stand":3,"minecraft:spruce_trapdoor":4,"minecraft:cave_vines_plant":24,"minecraft:budding_amethyst":45,"minecraft:grass_block":265,"minecraft:soul_soil":26,"minecraft:polished_blackstone_brick_slab":15,"minecraft:mud_bricks":52,"minecraft:gilded_blackstone":26,"minecraft:raw_iron_block":2,"minecraft:glowstone":41,"minecraft:iron_ore":81,"minecraft:anvil":2,"minecraft:end_stone_bricks":10,"minecraft:brain_coral_block":11,"minecraft:green_bed":3,"minecraft:spruce_slab":169,"minecraft:deepslate_redstone_ore":3,"minecraft:gray_terracotta":8,"minecraft:quartz_block":10,"minecraft:cyan_terracotta":10,"minecraft:blackstone":487,"minecraft:twisting_vines_plant":4,"minecraft:orange_terracotta":20,"minecraft:chiseled_quartz_block":3,"minecraft:clay":92,"minecraft:light_gray_terracotta":1,"minecraft:calcite":89,"minecraft:chest":133,"minecraft:cobblestone":2232,"minecraft:nether_quartz_ore":30,"minecraft:honeycomb_block":12,"minecraft:prismarine":53,"minecraft:grindstone":1,"minecraft:oak_planks":22,"minecraft:wall_torch":9,"minecraft:deepslate_copper_ore":65,"minecraft:light_blue_terracotta":3,"minecraft:warped_nylium":33,"minecraft:blue_terracotta":7,"minecraft:powered_rail":7,"minecraft:nether_wart_block":25,"minecraft:birch_log":17,"minecraft:blue_ice":9,"minecraft:purpur_block":3,"minecraft:oak_log":107,"minecraft:sand":184,"minecraft:dirt":75,"minecraft:raw_copper_block":5,"minecraft:netherrack":1795,"minecraft:ancient_debris":22,"minecraft:oak_leaves":148,"minecraft:horn_coral_block":3,"minecraft:crying_obsidian":3,"minecraft:nether_gold_ore":52,"minecraft:diamond_ore":14,"minecraft:tuff":34,"minecraft:candle":12,"minecraft:dark_oak_leaves":2,"minecraft:deepslate_diamond_ore":11,"minecraft:mangrove_roots":18,"minecraft:lever":8,"minecraft:chiseled_bookshelf":2,"minecraft:decorated_pot":19,"minecraft:brown_mushroom_block":3,"minecraft:birch_slab":19,"minecraft:spruce_leaves":407,"minecraft:sandstone":153,"minecraft:rooted_dirt":5,"minecraft:hay_block":11,"minecraft:spruce_sapling":1,"minecraft:furnace":10,"minecraft:carrots":77,"minecraft:raw_gold_block":2,"minecraft:polished_basalt":5,"minecraft:stripped_spruce_log":1,"minecraft:chiseled_deepslate":4,"minecraft:dead_horn_coral_block":1,"minecraft:bookshelf":19,"minecraft:shroomlight":27,"minecraft:deepslate_iron_ore":42,"minecraft:lantern":16,"minecraft:packed_ice":20,"minecraft:wet_sponge":3,"minecraft:chorus_plant":3,"minecraft:stone":206,"minecraft:redstone_wall_torch":2,"minecraft:pink_terracotta":8,"minecraft:podzol":12,"minecraft:scaffolding":53,"minecraft:snow_block":43,"minecraft:basalt":222,"minecraft:oak_fence":2,"minecraft:crafting_table":24,"minecraft:honey_block":3,"minecraft:lectern":8,"minecraft:stone_slab":1,"minecraft:deepslate_coal_ore":28,"minecraft:lapis_ore":22,"minecraft:polished_blackstone_brick_stairs":5,"minecraft:blue_bed":1,"minecraft:prismarine_bricks":84,"minecraft:dead_fire_coral_block":1,"minecraft:birch_planks":1,"minecraft:end_stone_brick_stairs":11,"minecraft:redstone_torch":2,"minecraft:magenta_terracotta":3,"minecraft:bee_nest":1,"minecraft:muddy_mangrove_roots":15,"minecraft:dead_brain_coral_block":1,"minecraft:coal_ore":47,"minecraft:ochre_froglight":1,"minecraft:cherry_leaves":5,"minecraft:cracked_stone_bricks":2,"minecraft:terracotta":32,"minecraft:mossy_stone_bricks":6},"minecraft:picked_up":{"minecraft:seagrass":21,"minecraft:chainmail_boots":1,"minecraft:anvil":2,"minecraft:prismarine_shard":7,"minecraft:stone_slab":9,"minecraft:lead":1,"minecraft:diamond_sword":5,"minecraft:smithing_table":2,"minecraft:enchanted_book":10,"minecraft:golden_shovel":1,"minecraft:brewing_stand":3,"minecraft:golden_sword":5,"minecraft:amethyst_block":219,"minecraft:music_disc_cat":3,"minecraft:polished_blackstone_brick_stairs":6,"minecraft:string":79,"minecraft:soul_soil":57,"minecraft:explorer_pottery_sherd":14,"minecraft:red_nether_bricks":42,"minecraft:beetroot_soup":2,"minecraft:pufferfish":6,"minecraft:shroomlight":76,"minecraft:beetroot":18,"minecraft:diamond_leggings":5,"minecraft:gold_nugget":221,"minecraft:cobbled_deepslate":270,"minecraft:spruce_planks":184,"minecraft:written_book":1,"minecraft:netherite_upgrade_smithing_template":8,"minecraft:melon_slice":102,"minecraft:mangrove_log":22,"minecraft:golden_helmet":4,"minecraft:polished_blackstone_brick_slab":15,"minecraft:beehive":10,"minecraft:sheaf_pottery_sherd":40,"minecraft:music_disc_blocks":2,"minecraft:jukebox":1,"minecraft:big_dripleaf":30,"minecraft:green_bed":5,"minecraft:acacia_log":20,"minecraft:purpur_pillar":112,"minecraft:lightning_rod":1,"minecraft:honeycomb_block":36,"minecraft:cherry_log":48,"minecraft:deepslate_tile_stairs":14,"minecraft:rabbit_foot":5,"minecraft:golden_chestplate":3,"minecraft:green_terracotta":15,"minecraft:pink_terracotta":86,"minecraft:black_dye":3,"minecraft:shaper_armor_trim_smithing_template":1,"minecraft:bamboo_block":56,"minecraft:horn_coral_fan":1,"minecraft:honey_bottle":17,"minecraft:salmon_bucket":2,"minecraft:tropical_fish":40,"minecraft:blue_dye":2,"minecraft:iron_block":923,"minecraft:carved_pumpkin":1,"minecraft:cyan_terracotta":25,"minecraft:glowstone":68,"minecraft:bookshelf":4,"minecraft:white_terracotta":158,"minecraft:netherite_chestplate":3,"minecraft:blaze_rod":9,"minecraft:snowball":264,"minecraft:sponge":44,"minecraft:birch_log":47,"minecraft:magma_block":75,"minecraft:dune_armor_trim_smithing_template":1,"minecraft:feather":104,"minecraft:cooked_beef":43,"minecraft:water_bucket":22,"minecraft:birch_slab":54,"minecraft:jungle_log":12,"minecraft:brown_wool":2,"minecraft:smoker":1,"minecraft:flint":29,"minecraft:netherite_leggings":3,"minecraft:map":4,"minecraft:glow_squid_spawn_egg":2,"minecraft:magenta_terracotta":2,"minecraft:lantern":94,"minecraft:disc_fragment_5":9,"minecraft:light_gray_concrete_powder":5,"minecraft:twisting_vines":6,"minecraft:stripped_bamboo_block":3,"minecraft:gray_terracotta":24,"minecraft:rabbit":5,"minecraft:diamond_helmet":2,"minecraft:glowstone_dust":73,"minecraft:moss_block":385,"minecraft:pitcher_pod":2,"minecraft:honeycomb":18,"minecraft:glow_lichen":9,"minecraft:warped_wart_block":32,"minecraft:lime_terracotta":5,"minecraft:dropper":5,"minecraft:stripped_spruce_log":1,"minecraft:ink_sac":62,"minecraft:red_terracotta":23,"minecraft:dark_oak_log":125,"minecraft:iron_hoe":2,"minecraft:blue_terracotta":28,"minecraft:angler_pottery_sherd":46,"minecraft:miner_pottery_sherd":35,"minecraft:lever":10,"minecraft:writable_book":5,"minecraft:dead_brain_coral_block":43,"minecraft:blue_ice":5,"minecraft:granite":149,"minecraft:bread":16,"minecraft:golden_horse_armor":5,"minecraft:chainmail_helmet":1,"minecraft:rooted_dirt":25,"minecraft:plenty_pottery_sherd":48,"minecraft:music_disc_5":3,"minecraft:diamond_pickaxe":5,"minecraft:crafting_table":26,"minecraft:mud":128,"minecraft:shelter_pottery_sherd":6,"minecraft:coarse_dirt":5,"minecraft:bubble_coral_fan":5,"minecraft:nether_wart":59,"minecraft:clay_ball":456,"minecraft:leather_leggings":3,"minecraft:mourner_pottery_sherd":24,"minecraft:stripped_cherry_log":12,"minecraft:purpur_block":183,"minecraft:dead_horn_coral_block":13,"minecraft:cornflower":1,"minecraft:red_bed":2,"minecraft:elytra":3,"minecraft:flint_and_steel":2,"minecraft:iron_shovel":1,"minecraft:cracked_stone_bricks":10,"minecraft:respawn_anchor":1,"minecraft:beef":158,"minecraft:jungle_sapling":6,"minecraft:poppy":8,"minecraft:spruce_slab":694,"minecraft:minecart":18,"minecraft:birch_sapling":8,"minecraft:chest":197,"minecraft:piston":2,"minecraft:diamond_hoe":5,"minecraft:raw_copper_block":52,"minecraft:egg":152,"minecraft:sandstone":160,"minecraft:polished_deepslate_slab":2,"minecraft:raw_gold_block":10,"minecraft:amethyst_cluster":6,"minecraft:spruce_fence":94,"minecraft:fire_charge":6,"minecraft:white_dye":5,"minecraft:cake":1,"minecraft:skull_pottery_sherd":3,"minecraft:carrot":655,"minecraft:redstone":423,"minecraft:netherite_pickaxe":10,"minecraft:prismarine_crystals":192,"minecraft:stone_shovel":1,"minecraft:diamond_chestplate":3,"minecraft:beetroot_seeds":2,"minecraft:decorated_pot":35,"minecraft:diamond_boots":4,"minecraft:deepslate_bricks":104,"minecraft:shears":4,"minecraft:purpur_slab":3,"minecraft:hay_block":10,"minecraft:cracked_deepslate_bricks":21,"minecraft:yellow_terracotta":46,"minecraft:gold_ingot":62,"minecraft:totem_of_undying":2,"minecraft:polished_blackstone":1,"minecraft:white_shulker_box":18,"minecraft:glow_berries":13,"minecraft:mutton":4,"minecraft:bone_block":149,"minecraft:heartbreak_pottery_sherd":36,"minecraft:white_wool":259,"minecraft:rail":178,"minecraft:oxeye_daisy":2,"minecraft:mud_bricks":36,"minecraft:red_mushroom":18,"minecraft:ochre_froglight":15,"minecraft:packed_mud":129,"minecraft:purpur_stairs":8,"minecraft:oak_log":131,"minecraft:lily_pad":17,"minecraft:ancient_debris":35,"minecraft:golden_boots":2,"minecraft:sculk_vein":15,"minecraft:blue_bed":1,"minecraft:cobweb":3,"minecraft:apple":13,"minecraft:stone_bricks":24,"minecraft:kelp":3,"minecraft:warped_stem":10,"minecraft:music_disc_far":1,"minecraft:spore_blossom":11,"minecraft:stone_pickaxe":1,"minecraft:blade_pottery_sherd":38,"minecraft:glass_bottle":9,"minecraft:mangrove_planks":4,"minecraft:arms_up_pottery_sherd":17,"minecraft:iron_sword":2,"minecraft:flowering_azalea":2,"minecraft:smooth_basalt":50,"minecraft:sweet_berries":4,"minecraft:spyglass":3,"minecraft:torchflower_seeds":2,"minecraft:gravel":106,"minecraft:dead_fire_coral_block":27,"minecraft:prize_pottery_sherd":24,"minecraft:spruce_sapling":108,"minecraft:spruce_log":1486,"minecraft:crying_obsidian":11,"minecraft:dragon_egg":2,"minecraft:leather_helmet":2,"minecraft:archer_pottery_sherd":45,"minecraft:brewer_pottery_sherd":29,"minecraft:firework_rocket":31,"minecraft:diamond_shovel":7,"minecraft:slime_ball":212,"minecraft:purple_bed":1,"minecraft:snort_pottery_sherd":14,"minecraft:tide_armor_trim_smithing_template":1,"minecraft:rib_armor_trim_smithing_template":1,"minecraft:short_grass":4,"minecraft:diamond_axe":9,"minecraft:scute":2,"minecraft:gray_wool":1,"minecraft:polished_blackstone_brick_wall":63,"minecraft:baked_potato":104,"minecraft:melon_seeds":2,"minecraft:stripped_dark_oak_log":1,"minecraft:mangrove_propagule":10,"minecraft:hopper":1,"minecraft:ender_pearl":30,"minecraft:shulker_shell":1,"minecraft:chiseled_deepslate":24,"minecraft:wheat":164,"minecraft:ender_chest":4,"minecraft:potion":3,"minecraft:nether_brick":29,"minecraft:gilded_blackstone":13,"minecraft:cod_bucket":1,"minecraft:dead_tube_coral_block":22,"minecraft:raw_copper":742,"minecraft:armor_stand":11,"minecraft:experience_bottle":7,"minecraft:oak_sign":2,"minecraft:sea_pickle":6,"minecraft:deepslate_tiles":10,"minecraft:red_sand":125,"minecraft:comparator":7,"minecraft:bucket":5,"minecraft:ender_eye":1,"minecraft:white_tulip":6,"minecraft:red_dye":3,"minecraft:redstone_torch":14,"minecraft:cobblestone_slab":160,"minecraft:smooth_quartz":51,"minecraft:calcite":229,"minecraft:azalea":7,"minecraft:wooden_shovel":2,"minecraft:iron_pickaxe":2,"minecraft:furnace":13,"minecraft:tipped_arrow":189,"minecraft:stick":77,"minecraft:brown_terracotta":40,"minecraft:oak_fence":43,"minecraft:torch":190,"minecraft:snow_block":1,"minecraft:porkchop":11,"minecraft:pointed_dripstone":2,"minecraft:diorite":111,"minecraft:vine":4,"minecraft:goat_horn":1,"minecraft:quartz_block":109,"minecraft:cactus":13,"minecraft:rotten_flesh":584,"minecraft:mangrove_roots":12,"minecraft:fire_coral_fan":1,"minecraft:leather_horse_armor":1,"minecraft:music_disc_wait":1,"minecraft:obsidian":32,"minecraft:cod":3,"minecraft:cobblestone":788,"minecraft:blaze_powder":13,"minecraft:nautilus_shell":10,"minecraft:muddy_mangrove_roots":11,"minecraft:pink_petals":14,"minecraft:leather_chestplate":3,"minecraft:magma_cream":15,"minecraft:raiser_armor_trim_smithing_template":1,"minecraft:repeater":34,"minecraft:cherry_planks":1,"minecraft:andesite":85,"minecraft:golden_leggings":3,"minecraft:chiseled_quartz_block":42,"minecraft:potato":785,"minecraft:magenta_dye":4,"minecraft:tuff":69,"minecraft:prismarine_bricks":110,"minecraft:danger_pottery_sherd":7,"minecraft:wither_skeleton_skull":4,"minecraft:lapis_lazuli":866,"minecraft:dirt":525,"minecraft:name_tag":2,"minecraft:leather_boots":3,"minecraft:glass":337,"minecraft:bone":682,"minecraft:bow":13,"minecraft:wheat_seeds":536,"minecraft:small_dripleaf":44,"minecraft:raw_gold":134,"minecraft:cobbled_deepslate_slab":2,"minecraft:grindstone":2,"minecraft:mossy_stone_bricks":22,"minecraft:bamboo":160,"minecraft:fletching_table":4,"minecraft:powered_rail":14,"minecraft:prismarine":86,"minecraft:oak_planks":79,"minecraft:brain_coral":3,"minecraft:ghast_tear":3,"minecraft:music_disc_13":2,"minecraft:axolotl_bucket":5,"minecraft:poisonous_potato":2,"minecraft:sand":261,"minecraft:spectral_arrow":46,"minecraft:dead_bush":35,"minecraft:grass_block":15,"minecraft:lily_of_the_valley":1,"minecraft:shulker_box":11,"minecraft:mossy_cobblestone":35,"minecraft:dark_prismarine":66,"minecraft:light_gray_terracotta":44,"minecraft:dark_prismarine_slab":20,"minecraft:spruce_fence_gate":7,"minecraft:clay":30,"minecraft:sugar":3,"minecraft:light_blue_terracotta":16,"minecraft:diamond":77,"minecraft:spruce_boat":1,"minecraft:netherite_helmet":3,"minecraft:chorus_fruit":15,"minecraft:cherry_wood":20,"minecraft:bone_meal":24,"minecraft:golden_apple":4,"minecraft:spruce_sign":1,"minecraft:emerald":301,"minecraft:oak_sapling":28,"minecraft:netherrack":3890,"minecraft:end_stone_bricks":661,"minecraft:lingering_potion":6,"minecraft:cocoa_beans":15,"minecraft:end_stone_brick_stairs":20,"minecraft:splash_potion":2,"minecraft:chicken":12,"minecraft:brown_mushroom":12,"minecraft:wooden_pickaxe":4,"minecraft:diamond_horse_armor":3,"minecraft:brick":1,"minecraft:shield":7,"minecraft:end_stone_brick_wall":64,"minecraft:moss_carpet":3,"minecraft:iron_axe":3,"minecraft:wooden_sword":1,"minecraft:item_frame":1,"minecraft:mycelium":7,"minecraft:blackstone":646,"minecraft:blue_orchid":6,"minecraft:candle":42,"minecraft:dark_prismarine_stairs":16,"minecraft:echo_shard":4,"minecraft:spire_armor_trim_smithing_template":1,"minecraft:oak_boat":4,"minecraft:observer":1,"minecraft:lectern":8,"minecraft:sugar_cane":254,"minecraft:spruce_trapdoor":3,"minecraft:phantom_membrane":8,"minecraft:dark_oak_sapling":5,"minecraft:raw_iron":188,"minecraft:orange_dye":1,"minecraft:end_stone":1214,"minecraft:music_disc_relic":3,"minecraft:copper_ingot":5,"minecraft:bowl":3,"minecraft:polished_blackstone_bricks":1,"minecraft:quartz_pillar":72,"minecraft:music_disc_11":3,"minecraft:trident":4,"minecraft:friend_pottery_sherd":7,"minecraft:zombified_piglin_spawn_egg":1,"minecraft:iron_horse_armor":3,"minecraft:purple_terracotta":9,"minecraft:dark_oak_planks":29,"minecraft:howl_pottery_sherd":32,"minecraft:arrow":1439,"minecraft:tube_coral":1,"minecraft:weeping_vines":13,"minecraft:red_shulker_box":12,"minecraft:pumpkin_pie":43,"minecraft:golden_hoe":2,"minecraft:nether_bricks":110,"minecraft:saddle":7,"minecraft:ward_armor_trim_smithing_template":1,"minecraft:wet_sponge":6,"minecraft:cracked_deepslate_tiles":7,"minecraft:netherite_boots":3,"minecraft:purple_dye":8,"minecraft:prismarine_slab":6,"minecraft:basalt":341,"minecraft:crimson_stem":2,"minecraft:golden_carrot":99,"minecraft:burn_pottery_sherd":24,"minecraft:glow_ink_sac":51,"minecraft:salmon":21,"minecraft:leather":151,"minecraft:music_disc_stal":1,"minecraft:crimson_fungus":2,"minecraft:mushroom_stew":1,"minecraft:nether_wart_block":13,"minecraft:gunpowder":847,"minecraft:cobblestone_wall":9,"minecraft:cobblestone_stairs":30,"minecraft:deepslate_tile_slab":2,"minecraft:heart_pottery_sherd":23,"minecraft:orange_terracotta":45,"minecraft:coast_armor_trim_smithing_template":1,"minecraft:pearlescent_froglight":9,"minecraft:red_sandstone":108,"minecraft:rabbit_hide":11,"minecraft:iron_ingot":467,"minecraft:tropical_fish_bucket":2,"minecraft:frogspawn":3,"minecraft:soul_sand":110,"minecraft:verdant_froglight":4,"minecraft:acacia_sapling":2,"minecraft:book":51,"minecraft:music_disc_chirp":2,"minecraft:green_dye":7,"minecraft:sculk_catalyst":1,"minecraft:scaffolding":334,"minecraft:oak_slab":189,"minecraft:nether_quartz_ore":1,"minecraft:warped_fungus":1,"minecraft:pitcher_plant":2,"minecraft:birch_boat":8,"minecraft:pumpkin":18,"minecraft:chiseled_stone_bricks":28,"minecraft:budding_amethyst":6,"minecraft:brush":1,"minecraft:quartz":64,"minecraft:dandelion":6,"minecraft:raw_iron_block":7,"minecraft:dripstone_block":112,"minecraft:brain_coral_fan":1,"minecraft:amethyst_shard":2,"minecraft:white_bed":8,"minecraft:spider_eye":18,"minecraft:bamboo_mosaic":28,"minecraft:stripped_jungle_log":2,"minecraft:sculk_sensor":6,"minecraft:pumpkin_seeds":30,"minecraft:lime_dye":15,"minecraft:dried_kelp_block":7,"minecraft:honey_block":10,"minecraft:dead_bubble_coral_block":15,"minecraft:cherry_sapling":5,"minecraft:terracotta":86,"minecraft:damaged_anvil":1,"minecraft:coal":361},"minecraft:killed_by":{"minecraft:vex":1,"minecraft:warden":1,"minecraft:zombified_piglin":1,"minecraft:player":1,"minecraft:skeleton":1},"minecraft:broken":{"minecraft:wooden_shovel":1,"minecraft:diamond_pickaxe":2,"minecraft:iron_hoe":1,"minecraft:iron_axe":4,"minecraft:golden_helmet":1,"minecraft:leather_leggings":1,"minecraft:stone_shovel":1,"minecraft:leather_chestplate":1,"minecraft:diamond_axe":1},"minecraft:custom":{"minecraft:interact_with_crafting_table":304,"minecraft:eat_cake_slice":7,"minecraft:leave_game":53,"minecraft:time_since_death":232102,"minecraft:damage_blocked_by_shield":146,"minecraft:play_time":2217724,"minecraft:deaths":12,"minecraft:jump":20242,"minecraft:interact_with_furnace":147,"minecraft:play_record":5,"minecraft:traded_with_villager":1961,"minecraft:sleep_in_bed":58,"minecraft:damage_dealt":67712,"minecraft:interact_with_smithing_table":18,"minecraft:interact_with_smoker":75,"minecraft:horse_one_cm":914,"minecraft:inspect_dropper":43,"minecraft:interact_with_anvil":31,"minecraft:inspect_hopper":47,"minecraft:sneak_time":168271,"minecraft:interact_with_blast_furnace":97,"minecraft:total_world_time":2217724,"minecraft:interact_with_stonecutter":3,"minecraft:time_since_rest":62757,"minecraft:swim_one_cm":12169,"minecraft:fly_one_cm":4963116,"minecraft:open_chest":4262,"minecraft:fall_one_cm":390981,"minecraft:animals_bred":96,"minecraft:open_shulker_box":65,"minecraft:sprint_one_cm":3536188,"minecraft:drop":1179,"minecraft:talked_to_villager":549,"minecraft:interact_with_brewingstand":26,"minecraft:walk_on_water_one_cm":211168,"minecraft:open_enderchest":28,"minecraft:player_kills":16,"minecraft:crouch_one_cm":618020,"minecraft:mob_kills":752,"minecraft:damage_dealt_resisted":526,"minecraft:climb_one_cm":207343,"minecraft:walk_one_cm":3844522,"minecraft:walk_under_water_one_cm":314492,"minecraft:boat_one_cm":11383,"minecraft:interact_with_grindstone":2,"minecraft:damage_taken":20384,"minecraft:damage_absorbed":205,"minecraft:minecart_one_cm":2,"minecraft:aviate_one_cm":915650},"minecraft:used":{"minecraft:moss_block":11,"minecraft:music_disc_far":1,"minecraft:chiseled_deepslate":14,"minecraft:spruce_slab":880,"minecraft:elytra":4,"minecraft:chest":166,"minecraft:stone":19,"minecraft:white_shulker_box":18,"minecraft:rotten_flesh":2,"minecraft:soul_sand":25,"minecraft:acacia_sapling":1,"minecraft:deepslate_brick_slab":4,"minecraft:snowball":262,"minecraft:clay_ball":4,"minecraft:music_disc_relic":1,"minecraft:spruce_boat":1,"minecraft:lava_bucket":14,"minecraft:birch_sapling":4,"minecraft:music_disc_chirp":1,"minecraft:netherite_boots":5,"minecraft:bow":681,"minecraft:guardian_spawn_egg":1,"minecraft:furnace":16,"minecraft:oak_sapling":16,"minecraft:cooked_cod":4,"minecraft:end_stone_brick_stairs":51,"minecraft:egg":135,"minecraft:potato":60,"minecraft:dark_prismarine_stairs":6,"minecraft:damaged_anvil":1,"minecraft:diorite":106,"minecraft:end_stone_bricks":16,"minecraft:powered_rail":7,"minecraft:blackstone":80,"minecraft:leather_chestplate":1,"minecraft:wooden_pickaxe":12,"minecraft:fox_spawn_egg":1,"minecraft:composter":2,"minecraft:purpur_pillar":44,"minecraft:glow_berries":7,"minecraft:respawn_anchor":2,"minecraft:golden_apple":6,"minecraft:purpur_stairs":20,"minecraft:blue_ice":1,"minecraft:netherite_helmet":4,"minecraft:camel_spawn_egg":1,"minecraft:lightning_rod":1,"minecraft:deepslate_tiles":8,"minecraft:birch_slab":20,"minecraft:bone":2,"minecraft:lectern":8,"minecraft:red_terracotta":1,"minecraft:cat_spawn_egg":1,"minecraft:fire_charge":3,"minecraft:diamond_sword":355,"minecraft:smithing_table":3,"minecraft:oak_boat":5,"minecraft:polished_blackstone_brick_slab":62,"minecraft:carved_pumpkin":1,"minecraft:armor_stand":14,"minecraft:music_disc_5":1,"minecraft:netherrack":955,"minecraft:torch":217,"minecraft:dragon_egg":1,"minecraft:brewing_stand":6,"minecraft:anvil":5,"minecraft:cod_bucket":1,"minecraft:red_shulker_box":11,"minecraft:iron_axe":1057,"minecraft:prismarine_slab":3,"minecraft:diamond_chestplate":2,"minecraft:basalt":126,"minecraft:goat_horn":7,"minecraft:cobbled_deepslate":2,"minecraft:observer":10,"minecraft:calcite":1,"minecraft:wheat_seeds":192,"minecraft:water_bucket":393,"minecraft:birch_planks":13,"minecraft:fletching_table":4,"minecraft:spruce_fence_gate":10,"minecraft:leather_boots":1,"minecraft:deepslate_bricks":200,"minecraft:rail":110,"minecraft:red_bed":2,"minecraft:crafting_table":32,"minecraft:comparator":5,"minecraft:oak_slab":130,"minecraft:white_bed":52,"minecraft:spruce_log":39,"minecraft:cake":1,"minecraft:oak_log":3,"minecraft:diamond_pickaxe":3695,"minecraft:diamond_shovel":651,"minecraft:iron_pickaxe":479,"minecraft:leather_helmet":1,"minecraft:music_disc_blocks":1,"minecraft:purpur_slab":39,"minecraft:spruce_trapdoor":24,"minecraft:spruce_sapling":96,"minecraft:cobblestone":155,"minecraft:potion":1,"minecraft:purple_bed":1,"minecraft:brush":2,"minecraft:diamond_leggings":2,"minecraft:candle":39,"minecraft:jukebox":2,"minecraft:red_sand":4,"minecraft:iron_shovel":318,"minecraft:oak_sign":2,"minecraft:diamond_hoe":278,"minecraft:polished_basalt":37,"minecraft:decorated_pot":11,"minecraft:shield":4,"minecraft:carrot":129,"minecraft:nether_bricks":7,"minecraft:deepslate_tile_slab":76,"minecraft:obsidian":12,"minecraft:milk_bucket":1,"minecraft:glass":427,"minecraft:lantern":48,"minecraft:polished_blackstone_brick_wall":275,"minecraft:mossy_cobblestone_slab":12,"minecraft:stone_bricks":17,"minecraft:item_frame":4,"minecraft:repeater":56,"minecraft:scaffolding":167,"minecraft:written_book":1,"minecraft:diamond_boots":3,"minecraft:dark_oak_sapling":8,"minecraft:golden_boots":4,"minecraft:pearlescent_froglight":11,"minecraft:dropper":14,"minecraft:stone_pickaxe":54,"minecraft:oak_planks":68,"minecraft:ender_pearl":17,"minecraft:sandstone":3,"minecraft:end_stone_brick_slab":8,"minecraft:diamond_axe":2441,"minecraft:blue_bed":1,"minecraft:yellow_terracotta":5,"minecraft:netherite_leggings":3,"minecraft:mushroom_stew":2,"minecraft:crossbow":1,"minecraft:sponge":3,"minecraft:end_stone":92,"minecraft:redstone_torch":6,"minecraft:lever":9,"minecraft:firework_rocket":34,"minecraft:melon_slice":60,"minecraft:bread":34,"minecraft:gravel":16,"minecraft:golden_helmet":3,"minecraft:grindstone":2,"minecraft:andesite":1,"minecraft:oak_fence":17,"minecraft:coarse_dirt":66,"minecraft:bone_meal":41,"minecraft:purpur_block":43,"minecraft:trident":10,"minecraft:experience_bottle":34,"minecraft:flint_and_steel":29,"minecraft:stone_shovel":131,"minecraft:redstone":15,"minecraft:spruce_planks":1115,"minecraft:ender_chest":4,"minecraft:wooden_shovel":71,"minecraft:stone_hoe":48,"minecraft:cooked_chicken":5,"minecraft:dirt":106,"minecraft:spyglass":32,"minecraft:hopper":26,"minecraft:sheaf_pottery_sherd":1,"minecraft:prismarine_bricks":11,"minecraft:spruce_stairs":10,"minecraft:cobblestone_wall":36,"minecraft:diamond_helmet":2,"minecraft:shulker_box":9,"minecraft:golden_chestplate":3,"minecraft:spruce_fence":250,"minecraft:dark_oak_planks":239,"minecraft:iron_hoe":447,"minecraft:wooden_axe":39,"minecraft:bookshelf":19,"minecraft:polished_blackstone_brick_stairs":27,"minecraft:pitcher_plant":2,"minecraft:golden_carrot":74,"minecraft:deepslate_tile_stairs":44,"minecraft:minecart":18,"minecraft:netherite_pickaxe":4538,"minecraft:cooked_beef":59,"minecraft:powder_snow_bucket":5,"minecraft:cooked_mutton":2,"minecraft:cobblestone_stairs":62,"minecraft:glass_bottle":13,"minecraft:baked_potato":86,"minecraft:netherite_chestplate":5,"minecraft:birch_boat":8,"minecraft:spruce_sign":17,"minecraft:green_bed":5,"minecraft:cobblestone_slab":2200,"minecraft:dark_prismarine_slab":17,"minecraft:smoker":9,"minecraft:piston":1,"minecraft:stone_slab":1,"minecraft:pink_petals":2,"minecraft:stone_axe":23,"minecraft:golden_leggings":3,"minecraft:bucket":430,"minecraft:pumpkin_pie":46,"minecraft:sculk_catalyst":1,"minecraft:splash_potion":2},"minecraft:crafted":{"minecraft:smooth_stone":7,"minecraft:chainmail_helmet":10,"minecraft:oak_sign":3,"minecraft:blaze_powder":6,"minecraft:birch_boat":4,"minecraft:birch_slab":36,"minecraft:lever":2,"minecraft:diamond_shovel":4,"minecraft:bookshelf":18,"minecraft:cooked_mutton":2,"minecraft:glass":502,"minecraft:diamond_helmet":1,"minecraft:repeater":25,"minecraft:melon_seeds":5,"minecraft:polished_blackstone":180,"minecraft:decorated_pot":4,"minecraft:tipped_arrow":240,"minecraft:white_shulker_box":1,"minecraft:glass_bottle":27,"minecraft:wooden_shovel":1,"minecraft:emerald":1425,"minecraft:diamond_axe":3,"minecraft:green_bed":1,"minecraft:smithing_table":2,"minecraft:clock":4,"minecraft:end_stone_brick_stairs":56,"minecraft:end_stone_brick_slab":12,"minecraft:stone_slab":6,"minecraft:iron_pickaxe":4,"minecraft:iron_block":48,"minecraft:gold_ingot":290,"minecraft:netherite_ingot":10,"minecraft:composter":3,"minecraft:spruce_fence_gate":9,"minecraft:polished_blackstone_bricks":180,"minecraft:golden_carrot":218,"minecraft:stone_shovel":1,"minecraft:smooth_stone_slab":12,"minecraft:jukebox":1,"minecraft:leather_leggings":3,"minecraft:iron_nugget":117,"minecraft:spyglass":1,"minecraft:diamond_hoe":1,"minecraft:bone_meal":228,"minecraft:spruce_fence":258,"minecraft:lantern":112,"minecraft:spruce_stairs":52,"minecraft:spruce_slab":1806,"minecraft:stone_pickaxe":1,"minecraft:spruce_boat":1,"minecraft:jungle_sapling":3,"minecraft:redstone_block":7,"minecraft:dark_oak_planks":400,"minecraft:golden_helmet":1,"minecraft:wheat":117,"minecraft:crossbow":47,"minecraft:netherite_pickaxe":1,"minecraft:purpur_slab":60,"minecraft:polished_blackstone_brick_slab":18,"minecraft:leather_helmet":2,"minecraft:deepslate_tiles":64,"minecraft:glowstone":41,"minecraft:enchanted_book":43,"minecraft:polished_blackstone_brick_wall":156,"minecraft:chainmail_boots":10,"minecraft:wooden_axe":1,"minecraft:iron_shovel":2,"minecraft:deepslate_tile_stairs":36,"minecraft:armor_stand":9,"minecraft:white_bed":78,"minecraft:music_disc_5":1,"minecraft:grindstone":2,"minecraft:oak_planks":444,"minecraft:cobblestone_slab":3300,"minecraft:cooked_chicken":2,"minecraft:stone":177,"minecraft:cobblestone_stairs":48,"minecraft:suspicious_stew":7,"minecraft:purpur_stairs":28,"minecraft:warped_planks":48,"minecraft:cake":6,"minecraft:hopper":53,"minecraft:bow":93,"minecraft:comparator":24,"minecraft:mossy_cobblestone_slab":12,"minecraft:chest":157,"minecraft:polished_basalt":48,"minecraft:netherite_helmet":1,"minecraft:netherite_upgrade_smithing_template":10,"minecraft:stone_hoe":1,"minecraft:oak_fence":36,"minecraft:respawn_anchor":1,"minecraft:golden_boots":1,"minecraft:smoker":9,"minecraft:sea_lantern":1,"minecraft:dropper":11,"minecraft:oak_slab":174,"minecraft:item_frame":3,"minecraft:arrow":712,"minecraft:crafting_table":18,"minecraft:spruce_planks":4328,"minecraft:iron_helmet":1,"minecraft:wooden_pickaxe":1,"minecraft:baked_potato":258,"minecraft:brush":2,"minecraft:brewing_stand":3,"minecraft:birch_planks":120,"minecraft:dispenser":20,"minecraft:apple":48,"minecraft:spruce_trapdoor":42,"minecraft:paper":228,"minecraft:diamond_pickaxe":6,"minecraft:charcoal":125,"minecraft:shield":1,"minecraft:stick":552,"minecraft:light_blue_dye":2,"minecraft:iron_ingot":3234,"minecraft:leather_chestplate":3,"minecraft:light_blue_shulker_box":1,"minecraft:polished_blackstone_brick_stairs":4,"minecraft:redstone_torch":126,"minecraft:deepslate_bricks":184,"minecraft:shears":1,"minecraft:deepslate_tile_slab":102,"minecraft:coarse_dirt":72,"minecraft:cherry_planks":28,"minecraft:cookie":288,"minecraft:redstone":36,"minecraft:raw_iron":18,"minecraft:leather_boots":2,"minecraft:furnace":23,"minecraft:raw_copper_block":72,"minecraft:flint_and_steel":1,"minecraft:netherite_chestplate":1,"minecraft:netherite_leggings":1,"minecraft:polished_deepslate":184,"minecraft:host_armor_trim_smithing_template":2,"minecraft:iron_axe":6,"minecraft:iron_hoe":3,"minecraft:cobblestone_wall":36,"minecraft:netherite_scrap":37,"minecraft:minecart":1,"minecraft:observer":10,"minecraft:cooked_beef":80,"minecraft:red_dye":3,"minecraft:cooked_cod":4,"minecraft:diamond_sword":1,"minecraft:cyan_dye":12,"minecraft:spruce_sign":24,"minecraft:bowl":4,"minecraft:bucket":20,"minecraft:stone_axe":1,"minecraft:bread":33,"minecraft:air":0,"minecraft:jungle_planks":76,"minecraft:oak_boat":2,"minecraft:white_wool":9,"minecraft:gold_nugget":1170,"minecraft:raw_gold":180,"minecraft:dark_prismarine_slab":42,"minecraft:anvil":4,"minecraft:pumpkin_pie":48,"minecraft:acacia_planks":112,"minecraft:torch":172,"minecraft:lapis_lazuli":9,"minecraft:clay":99,"minecraft:lapis_block":100,"minecraft:diamond_chestplate":1,"minecraft:firework_rocket":258}},"DataVersion":3700}