{"stats":{"minecraft:crafted":{"minecraft:blaze_powder":10,"minecraft:netherite_boots":1,"minecraft:wooden_shovel":1,"minecraft:emerald":8,"minecraft:end_stone_brick_slab":12,"minecraft:iron_pickaxe":11,"minecraft:netherite_ingot":15,"minecraft:stone_pickaxe":1,"minecraft:dark_oak_planks":4,"minecraft:deepslate_brick_slab":42,"minecraft:enchanted_book":1,"minecraft:wooden_axe":1,"minecraft:iron_shovel":1,"minecraft:oak_planks":4,"minecraft:cherry_slab":126,"minecraft:hopper":8,"minecraft:chest":1,"minecraft:netherite_helmet":1,"minecraft:netherite_upgrade_smithing_template":36,"minecraft:ender_eye":10,"minecraft:oak_slab":6,"minecraft:spruce_planks":12,"minecraft:wooden_pickaxe":1,"minecraft:baked_potato":60,"minecraft:brush":1,"minecraft:birch_planks":4,"minecraft:diamond_pickaxe":9,"minecraft:shield":1,"minecraft:stick":20,"minecraft:iron_ingot":54,"minecraft:deepslate_bricks":164,"minecraft:end_stone_bricks":44,"minecraft:polished_deepslate":164,"minecraft:iron_axe":3,"minecraft:netherite_scrap":61,"minecraft:cooked_beef":1,"minecraft:diamond_sword":4,"minecraft:iron_sword":1,"minecraft:bucket":5,"minecraft:air":0},"minecraft:dropped":{"minecraft:iron_sword":2,"minecraft:piston":4,"minecraft:lapis_lazuli":72,"minecraft:glass_bottle":5,"minecraft:crossbow":1,"minecraft:elytra":3,"minecraft:rail":2,"minecraft:emerald":11,"minecraft:packed_mud":2,"minecraft:netherite_boots":1,"minecraft:wooden_sword":4,"minecraft:gold_nugget":1,"minecraft:bone_meal":3,"minecraft:iron_pickaxe":3,"minecraft:polished_blackstone_slab":1,"minecraft:bone":38,"minecraft:stone_axe":2,"minecraft:emerald_block":128,"minecraft:cobbled_deepslate":16,"minecraft:wheat":1,"minecraft:deepslate_brick_slab":192,"minecraft:rotten_flesh":1,"minecraft:oak_planks":4,"minecraft:music_disc_far":1,"minecraft:chiseled_deepslate":9,"minecraft:deepslate_tiles":15,"minecraft:spruce_slab":13,"minecraft:glass":1,"minecraft:ghast_tear":1,"minecraft:netherite_pickaxe":4,"minecraft:tnt":1,"minecraft:oak_fence":64,"minecraft:yellow_terracotta":1,"minecraft:cobblestone":2,"minecraft:book":22,"minecraft:ink_sac":2,"minecraft:cherry_planks":1,"minecraft:diamond_helmet":1,"minecraft:mud":1,"minecraft:string":3,"minecraft:spruce_sapling":4,"minecraft:bowl":3,"minecraft:white_carpet":12,"minecraft:bamboo_mosaic":1,"minecraft:name_tag":1,"minecraft:torchflower_seeds":1,"minecraft:suspicious_stew":1,"minecraft:diamond_sword":4,"minecraft:cobblestone_slab":16,"minecraft:potato":64,"minecraft:rabbit_spawn_egg":1,"minecraft:diamond_pickaxe":5,"minecraft:stone_bricks":1,"minecraft:spider_eye":2,"minecraft:bow":2,"minecraft:red_sand":1,"minecraft:magma_block":1,"minecraft:terracotta":3,"minecraft:moss_block":1,"minecraft:oak_log":2,"minecraft:ender_pearl":78,"minecraft:decorated_pot":1,"minecraft:lantern":1,"minecraft:bedrock":2,"minecraft:flint":1,"minecraft:dark_oak_log":9,"minecraft:brush":1,"minecraft:snowball":24,"minecraft:polished_blackstone_bricks":42,"minecraft:gravel":1,"minecraft:white_tulip":3,"minecraft:blackstone":64,"minecraft:spyglass":1,"minecraft:cherry_sapling":1,"minecraft:carrot":206,"minecraft:oak_fence_gate":64,"minecraft:gunpowder":2,"minecraft:chest":5,"minecraft:basalt":74,"minecraft:arrow":4,"minecraft:oak_leaves":64,"minecraft:netherrack":654,"minecraft:firework_rocket":23,"minecraft:water_bucket":4,"minecraft:oak_slab":45,"minecraft:diamond_leggings":1,"minecraft:amethyst_block":13,"minecraft:stick":6,"minecraft:torch":3,"minecraft:sculk_catalyst":1,"minecraft:raw_iron_block":1,"minecraft:bucket":1,"minecraft:redstone":1,"minecraft:anvil":64,"minecraft:ender_chest":1,"minecraft:chiseled_quartz_block":1,"minecraft:raw_copper":61,"minecraft:tuff":3,"minecraft:raw_iron":18,"minecraft:iron_hoe":1,"minecraft:deepslate_bricks":52,"minecraft:diamond_chestplate":1,"minecraft:andesite":6,"minecraft:purple_bed":1,"minecraft:oak_boat":1,"minecraft:oak_sapling":1,"minecraft:golden_sword":1,"minecraft:diamond_boots":1,"minecraft:spruce_log":4,"minecraft:stone_pickaxe":5,"minecraft:calcite":6,"minecraft:heartbreak_pottery_sherd":3},"minecraft:killed":{"minecraft:cave_spider":4,"minecraft:zombie_horse":1,"minecraft:shulker":5,"minecraft:skeleton":153,"minecraft:fox":1,"minecraft:chicken":4,"minecraft:skeleton_horse":9,"minecraft:magma_cube":33,"minecraft:parrot":1,"minecraft:iron_golem":2,"minecraft:zombie":142,"minecraft:cow":1,"minecraft:endermite":91,"minecraft:warden":3,"minecraft:polar_bear":1,"minecraft:enderman":2312,"minecraft:zombified_piglin":17,"minecraft:witch":5,"minecraft:spider":14,"minecraft:silverfish":5,"minecraft:piglin":2,"minecraft:zombie_villager":5,"minecraft:creeper":130,"minecraft:trader_llama":1,"minecraft:ghast":4,"minecraft:blaze":1,"minecraft:vex":8,"minecraft:slime":6,"minecraft:phantom":2,"minecraft:villager":25},"minecraft:killed_by":{"minecraft:zombie":2,"minecraft:vex":2,"minecraft:slime":3,"minecraft:warden":1,"minecraft:zombified_piglin":1,"minecraft:polar_bear":1,"minecraft:witch":3,"minecraft:player":17},"minecraft:custom":{"minecraft:interact_with_crafting_table":56,"minecraft:bell_ring":1,"minecraft:leave_game":45,"minecraft:time_since_death":213547,"minecraft:damage_blocked_by_shield":165,"minecraft:play_time":1816113,"minecraft:deaths":42,"minecraft:jump":11491,"minecraft:interact_with_furnace":7,"minecraft:traded_with_villager":22,"minecraft:sleep_in_bed":70,"minecraft:damage_dealt":53944,"minecraft:interact_with_smoker":6,"minecraft:horse_one_cm":22602,"minecraft:interact_with_smithing_table":14,"minecraft:interact_with_anvil":39,"minecraft:inspect_hopper":7,"minecraft:sneak_time":131412,"minecraft:interact_with_blast_furnace":23,"minecraft:total_world_time":1816113,"minecraft:interact_with_stonecutter":2,"minecraft:time_since_rest":213576,"minecraft:swim_one_cm":4292,"minecraft:fly_one_cm":4958024,"minecraft:open_chest":837,"minecraft:fall_one_cm":237792,"minecraft:open_shulker_box":15,"minecraft:damage_resisted":80,"minecraft:sprint_one_cm":1812448,"minecraft:drop":224,"minecraft:talked_to_villager":89,"minecraft:walk_on_water_one_cm":130291,"minecraft:open_enderchest":34,"minecraft:player_kills":5,"minecraft:crouch_one_cm":260911,"minecraft:mob_kills":3042,"minecraft:damage_dealt_resisted":140,"minecraft:climb_one_cm":29796,"minecraft:walk_one_cm":2797983,"minecraft:walk_under_water_one_cm":242790,"minecraft:boat_one_cm":10086,"minecraft:interact_with_grindstone":3,"minecraft:damage_taken":26146,"minecraft:damage_absorbed":120,"minecraft:aviate_one_cm":4114705},"minecraft:used":{"minecraft:elytra":43,"minecraft:chest":18,"minecraft:rotten_flesh":3,"minecraft:deepslate_brick_slab":91,"minecraft:lava_bucket":1,"minecraft:netherite_shovel":2,"minecraft:villager_spawn_egg":28,"minecraft:netherite_hoe":2,"minecraft:bow":720,"minecraft:egg":12,"minecraft:potato":106,"minecraft:deepslate_brick_wall":372,"minecraft:end_stone_bricks":48,"minecraft:wooden_pickaxe":12,"minecraft:composter":13,"minecraft:purpur_pillar":10,"minecraft:oak_leaves":665,"minecraft:golden_apple":3,"minecraft:camel_spawn_egg":1,"minecraft:chiseled_quartz_block":3,"minecraft:enderman_spawn_egg":2,"minecraft:birch_slab":2,"minecraft:lectern":13,"minecraft:oak_pressure_plate":1,"minecraft:diamond_sword":848,"minecraft:wooden_sword":26,"minecraft:smithing_table":3,"minecraft:oak_boat":3,"minecraft:oak_trapdoor":81,"minecraft:iron_bars":1,"minecraft:armor_stand":2,"minecraft:netherrack":2241,"minecraft:torch":36,"minecraft:anvil":3,"minecraft:oak_fence_gate":15,"minecraft:cherry_slab":32,"minecraft:iron_axe":424,"minecraft:spawner":5,"minecraft:totem_of_undying":1,"minecraft:bamboo":1,"minecraft:diamond_chestplate":3,"minecraft:basalt":96,"minecraft:goat_horn":1,"minecraft:cobbled_deepslate":2,"minecraft:wheat_seeds":7,"minecraft:water_bucket":210,"minecraft:fletching_table":1,"minecraft:deepslate_bricks":89,"minecraft:polished_deepslate_slab":12,"minecraft:mossy_cobblestone":7,"minecraft:rail":8,"minecraft:tnt":36,"minecraft:oak_slab":40,"minecraft:crafting_table":5,"minecraft:white_bed":14,"minecraft:endermite_spawn_egg":2,"minecraft:ender_eye":12,"minecraft:diamond_pickaxe":1886,"minecraft:ghast_spawn_egg":1,"minecraft:iron_pickaxe":2257,"minecraft:cobblestone":22,"minecraft:potion":2,"minecraft:purple_bed":8,"minecraft:brush":6,"minecraft:kelp":25,"minecraft:diamond_leggings":3,"minecraft:candle":4,"minecraft:iron_shovel":121,"minecraft:shield":5,"minecraft:creeper_head":1,"minecraft:iron_sword":83,"minecraft:zombie_spawn_egg":7,"minecraft:iron_chestplate":1,"minecraft:nether_bricks":1064,"minecraft:carrot":156,"minecraft:tuff":1,"minecraft:obsidian":7,"minecraft:milk_bucket":5,"minecraft:glass":2586,"minecraft:packed_mud":1,"minecraft:iron_helmet":1,"minecraft:stone_bricks":689,"minecraft:bedrock":8,"minecraft:repeater":18,"minecraft:magma_block":270,"minecraft:scaffolding":2,"minecraft:dark_oak_sapling":1,"minecraft:diamond_boots":1,"minecraft:stone_pickaxe":350,"minecraft:oak_planks":145,"minecraft:ender_pearl":31,"minecraft:sugar_cane":4,"minecraft:end_stone_brick_slab":12,"minecraft:diamond_axe":334,"minecraft:blue_bed":5,"minecraft:mushroom_stew":30,"minecraft:crossbow":1,"minecraft:redstone_torch":15,"minecraft:lever":14,"minecraft:firework_rocket":314,"minecraft:melon_slice":6,"minecraft:andesite":12,"minecraft:oak_fence":8,"minecraft:netherite_sword":283,"minecraft:trident":8,"minecraft:redstone":10,"minecraft:spruce_planks":30,"minecraft:ender_chest":3,"minecraft:wooden_shovel":33,"minecraft:cooked_chicken":1,"minecraft:dirt":4,"minecraft:spyglass":1,"minecraft:white_carpet":168,"minecraft:hopper":15,"minecraft:cobblestone_wall":30,"minecraft:diamond_helmet":2,"minecraft:shulker_box":10,"minecraft:spruce_fence":4,"minecraft:wooden_axe":43,"minecraft:golden_carrot":24,"minecraft:emerald_block":3,"minecraft:minecart":3,"minecraft:netherite_pickaxe":7098,"minecraft:stone_pressure_plate":31,"minecraft:cooked_beef":5,"minecraft:red_nether_bricks":1,"minecraft:netherite_chestplate":39,"minecraft:baked_potato":178,"minecraft:iron_golem_spawn_egg":263,"minecraft:terracotta":5,"minecraft:piston":53,"minecraft:netherite_axe":15,"minecraft:budding_amethyst":1,"minecraft:stone_axe":19,"minecraft:bucket":107,"minecraft:pillager_spawn_egg":1},"minecraft:mined":{"minecraft:dark_oak_planks":24,"minecraft:white_bed":1,"minecraft:black_terracotta":19,"minecraft:cherry_log":46,"minecraft:red_nether_bricks":7,"minecraft:obsidian":36,"minecraft:granite":58,"minecraft:red_sand":12,"minecraft:acacia_log":18,"minecraft:jungle_log":14,"minecraft:deepslate_bricks":187,"minecraft:tube_coral_block":3,"minecraft:bamboo_block":34,"minecraft:chiseled_stone_bricks":39,"minecraft:magma_block":31,"minecraft:fire":92,"minecraft:cobbled_deepslate":38,"minecraft:pumpkin":5,"minecraft:fletching_table":1,"minecraft:deepslate_lapis_ore":73,"minecraft:sculk_shrieker":8,"minecraft:polished_deepslate_slab":3,"minecraft:dirt_path":5,"minecraft:stripped_bamboo_block":3,"minecraft:tripwire":1,"minecraft:crimson_nylium":7,"minecraft:powder_snow":4,"minecraft:torch":21,"minecraft:melon":12,"minecraft:glass":3,"minecraft:bamboo_mosaic":28,"minecraft:sugar_cane":24,"minecraft:amethyst_block":137,"minecraft:cherry_slab":1,"minecraft:white_terracotta":13,"minecraft:verdant_froglight":4,"minecraft:mud":24,"minecraft:wheat":11,"minecraft:smooth_quartz":59,"minecraft:mangrove_log":6,"minecraft:smooth_basalt":43,"minecraft:red_mushroom_block":6,"minecraft:piston":20,"minecraft:deepslate":332,"minecraft:suspicious_gravel":101,"minecraft:yellow_terracotta":6,"minecraft:deepslate_tiles":53,"minecraft:dark_prismarine":9,"minecraft:mossy_cobblestone":40,"minecraft:dark_oak_log":32,"minecraft:jack_o_lantern":3,"minecraft:shulker_box":8,"minecraft:end_stone":197,"minecraft:nether_bricks":9,"minecraft:spruce_fence":5,"minecraft:cherry_wood":10,"minecraft:moss_block":223,"minecraft:redstone_ore":32,"minecraft:packed_mud":19,"minecraft:red_sandstone":12,"minecraft:suspicious_sand":32,"minecraft:green_terracotta":17,"minecraft:andesite":65,"minecraft:potatoes":59,"minecraft:cobblestone_slab":15,"minecraft:bamboo":6,"minecraft:bone_block":27,"minecraft:smithing_table":1,"minecraft:oak_slab":171,"minecraft:soul_sand":4,"minecraft:light_gray_concrete_powder":3,"minecraft:emerald_ore":47,"minecraft:sponge":12,"minecraft:purpur_pillar":97,"minecraft:copper_ore":122,"minecraft:deepslate_gold_ore":44,"minecraft:cracked_deepslate_bricks":21,"minecraft:diorite":64,"minecraft:warped_wart_block":2,"minecraft:pearlescent_froglight":5,"minecraft:purple_bed":1,"minecraft:red_terracotta":4,"minecraft:cobblestone_wall":1,"minecraft:spruce_log":32,"minecraft:quartz_pillar":30,"minecraft:mycelium":28,"minecraft:gravel":49,"minecraft:dripstone_block":134,"minecraft:brown_terracotta":6,"minecraft:stone_bricks":43,"minecraft:gold_ore":53,"minecraft:deepslate_emerald_ore":17,"minecraft:spruce_planks":5,"minecraft:budding_amethyst":39,"minecraft:grass_block":183,"minecraft:dead_tube_coral_block":1,"minecraft:soul_soil":6,"minecraft:mud_bricks":6,"minecraft:gilded_blackstone":2,"minecraft:raw_iron_block":11,"minecraft:sculk_catalyst":11,"minecraft:glowstone":3,"minecraft:iron_ore":101,"minecraft:end_stone_bricks":156,"minecraft:brain_coral_block":6,"minecraft:spruce_slab":16,"minecraft:deepslate_redstone_ore":28,"minecraft:quartz_block":110,"minecraft:blackstone":200,"minecraft:orange_terracotta":6,"minecraft:chiseled_quartz_block":63,"minecraft:clay":26,"minecraft:light_gray_terracotta":34,"minecraft:calcite":139,"minecraft:chest":88,"minecraft:mushroom_stem":23,"minecraft:nether_quartz_ore":7,"minecraft:cobblestone":64,"minecraft:honeycomb_block":8,"minecraft:prismarine":35,"minecraft:oak_planks":15,"minecraft:wall_torch":1,"minecraft:deepslate_copper_ore":88,"minecraft:light_blue_terracotta":11,"minecraft:warped_nylium":8,"minecraft:blue_terracotta":5,"minecraft:nether_wart_block":6,"minecraft:birch_log":42,"minecraft:blue_ice":3,"minecraft:tnt":4,"minecraft:purpur_block":148,"minecraft:cracked_deepslate_tiles":21,"minecraft:oak_log":63,"minecraft:lime_terracotta":5,"minecraft:sand":19,"minecraft:dirt":28,"minecraft:infested_cracked_stone_bricks":1,"minecraft:raw_copper_block":30,"minecraft:ancient_debris":61,"minecraft:netherrack":3622,"minecraft:oak_leaves":1,"minecraft:horn_coral_block":3,"minecraft:nether_gold_ore":8,"minecraft:diamond_ore":35,"minecraft:crying_obsidian":1,"minecraft:tuff":98,"minecraft:stripped_mangrove_log":1,"minecraft:deepslate_diamond_ore":31,"minecraft:candle":1,"minecraft:stripped_cherry_log":7,"minecraft:chiseled_bookshelf":30,"minecraft:purple_terracotta":18,"minecraft:decorated_pot":2,"minecraft:calibrated_sculk_sensor":15,"minecraft:brown_mushroom_block":24,"minecraft:birch_slab":25,"minecraft:sandstone":10,"minecraft:rooted_dirt":38,"minecraft:deepslate_brick_slab":4,"minecraft:oak_trapdoor":1,"minecraft:carrots":113,"minecraft:raw_gold_block":20,"minecraft:chiseled_deepslate":35,"minecraft:deepslate_iron_ore":89,"minecraft:shroomlight":6,"minecraft:stripped_jungle_log":1,"minecraft:stripped_oak_log":1,"minecraft:packed_ice":12,"minecraft:stone":223,"minecraft:pink_terracotta":32,"minecraft:podzol":30,"minecraft:scaffolding":2,"minecraft:snow_block":2,"minecraft:stripped_dark_oak_log":2,"minecraft:basalt":2254,"minecraft:oak_fence":35,"minecraft:honey_block":4,"minecraft:sculk_sensor":33,"minecraft:lectern":13,"minecraft:deepslate_coal_ore":95,"minecraft:lapis_ore":49,"minecraft:sculk":69,"minecraft:blue_bed":3,"minecraft:prismarine_bricks":13,"minecraft:birch_planks":8,"minecraft:beehive":10,"minecraft:magenta_terracotta":17,"minecraft:ice":3,"minecraft:bee_nest":7,"minecraft:muddy_mangrove_roots":4,"minecraft:dead_brain_coral_block":1,"minecraft:coal_ore":89,"minecraft:ochre_froglight":5,"minecraft:cherry_leaves":14,"minecraft:cracked_stone_bricks":51,"minecraft:terracotta":21,"minecraft:mossy_stone_bricks":70},"minecraft:broken":{"minecraft:diamond_pickaxe":1,"minecraft:leather_helmet":1,"minecraft:iron_axe":1,"minecraft:iron_pickaxe":9,"minecraft:leather_leggings":1,"minecraft:stone_pickaxe":2},"minecraft:picked_up":{"minecraft:wooden_axe":2,"minecraft:seagrass":3,"minecraft:iron_chestplate":1,"minecraft:suspicious_stew":1,"minecraft:creeper_head":1,"minecraft:anvil":1,"minecraft:diamond_sword":10,"minecraft:smithing_table":2,"minecraft:lead":4,"minecraft:enchanted_book":19,"minecraft:golden_sword":2,"minecraft:amethyst_block":113,"minecraft:music_disc_cat":4,"minecraft:string":11,"minecraft:soul_soil":2,"minecraft:red_nether_bricks":7,"minecraft:diamond_leggings":6,"minecraft:gold_nugget":9,"minecraft:cobbled_deepslate":171,"minecraft:spruce_planks":1,"minecraft:netherite_upgrade_smithing_template":2,"minecraft:melon_slice":49,"minecraft:sheaf_pottery_sherd":11,"minecraft:acacia_log":1,"minecraft:green_bed":1,"minecraft:purpur_pillar":74,"minecraft:golden_axe":1,"minecraft:lightning_rod":1,"minecraft:bamboo_block":64,"minecraft:white_terracotta":2,"minecraft:netherite_chestplate":4,"minecraft:blaze_rod":1,"minecraft:snowball":84,"minecraft:birch_log":42,"minecraft:magma_block":30,"minecraft:dune_armor_trim_smithing_template":1,"minecraft:feather":14,"minecraft:cooked_beef":7,"minecraft:birch_slab":2,"minecraft:water_bucket":19,"minecraft:flint":16,"minecraft:netherite_leggings":3,"minecraft:disc_fragment_5":3,"minecraft:lantern":1,"minecraft:light_gray_concrete_powder":1,"minecraft:stripped_bamboo_block":6,"minecraft:diamond_helmet":5,"minecraft:glowstone_dust":1,"minecraft:moss_block":6,"minecraft:glow_lichen":1,"minecraft:dark_oak_log":14,"minecraft:red_terracotta":1,"minecraft:iron_hoe":3,"minecraft:lever":12,"minecraft:dead_brain_coral_block":1,"minecraft:granite":27,"minecraft:chainmail_helmet":2,"minecraft:cherry_slab":150,"minecraft:diamond_pickaxe":15,"minecraft:crafting_table":5,"minecraft:mud":2,"minecraft:clay_ball":44,"minecraft:leather_leggings":1,"minecraft:purpur_block":116,"minecraft:elytra":6,"minecraft:netherite_scrap":2,"minecraft:white_carpet":13,"minecraft:iron_shovel":7,"minecraft:cracked_stone_bricks":1,"minecraft:netherite_sword":2,"minecraft:poppy":2,"minecraft:spruce_slab":15,"minecraft:chest":29,"minecraft:piston":50,"minecraft:raw_copper_block":4,"minecraft:egg":14,"minecraft:sandstone":4,"minecraft:polished_deepslate_slab":3,"minecraft:raw_gold_block":4,"minecraft:spruce_fence":8,"minecraft:white_dye":4,"minecraft:carrot":1082,"minecraft:redstone":158,"minecraft:netherite_pickaxe":10,"minecraft:tnt":35,"minecraft:stone_shovel":1,"minecraft:diamond_chestplate":5,"minecraft:decorated_pot":1,"minecraft:deepslate_bricks":163,"minecraft:diamond_boots":4,"minecraft:yellow_terracotta":2,"minecraft:gold_ingot":5,"minecraft:rail":3,"minecraft:bone_block":2,"minecraft:heartbreak_pottery_sherd":25,"minecraft:stripped_oak_log":1,"minecraft:mud_bricks":1,"minecraft:red_mushroom":2,"minecraft:packed_mud":14,"minecraft:oak_log":32,"minecraft:ancient_debris":61,"minecraft:golden_boots":1,"minecraft:blue_bed":7,"minecraft:stone_bricks":1,"minecraft:apple":6,"minecraft:kelp":22,"minecraft:spore_blossom":1,"minecraft:stone_pickaxe":11,"minecraft:glass_bottle":9,"minecraft:iron_sword":20,"minecraft:smooth_basalt":18,"minecraft:spyglass":1,"minecraft:torchflower_seeds":1,"minecraft:gravel":36,"minecraft:spruce_sapling":7,"minecraft:spruce_log":37,"minecraft:camel_spawn_egg":1,"minecraft:leather_helmet":2,"minecraft:firework_rocket":230,"minecraft:slime_ball":18,"minecraft:stone_axe":5,"minecraft:diamond_axe":5,"minecraft:baked_potato":535,"minecraft:mangrove_propagule":2,"minecraft:hopper":10,"minecraft:ender_pearl":163,"minecraft:shulker_shell":2,"minecraft:chiseled_deepslate":9,"minecraft:wheat":38,"minecraft:redstone_block":1,"minecraft:ender_chest":1,"minecraft:sentry_armor_trim_smithing_template":1,"minecraft:potion":5,"minecraft:gilded_blackstone":1,"minecraft:dead_tube_coral_block":2,"minecraft:raw_copper":237,"minecraft:armor_stand":4,"minecraft:ghast_spawn_egg":2,"minecraft:netherite_ingot":31,"minecraft:deepslate_tiles":18,"minecraft:red_sand":3,"minecraft:bucket":2,"minecraft:white_tulip":36,"minecraft:cobblestone_slab":18,"minecraft:calcite":73,"minecraft:wooden_shovel":1,"minecraft:iron_pickaxe":20,"minecraft:iron_boots":1,"minecraft:tipped_arrow":3,"minecraft:stick":29,"minecraft:oak_fence":18,"minecraft:torch":99,"minecraft:netherite_shovel":2,"minecraft:diorite":53,"minecraft:quartz_block":1,"minecraft:rotten_flesh":26,"minecraft:obsidian":123,"minecraft:cod":1,"minecraft:cobblestone":228,"minecraft:repeater":1,"minecraft:cherry_planks":129,"minecraft:andesite":91,"minecraft:chiseled_quartz_block":18,"minecraft:potato":422,"minecraft:magenta_dye":4,"minecraft:tuff":33,"minecraft:danger_pottery_sherd":24,"minecraft:wandering_trader_spawn_egg":2,"minecraft:lapis_lazuli":316,"minecraft:dirt":117,"minecraft:name_tag":2,"minecraft:glass":5,"minecraft:bone":80,"minecraft:bow":16,"minecraft:wheat_seeds":141,"minecraft:deepslate_brick_slab":7,"minecraft:raw_gold":13,"minecraft:netherite_axe":3,"minecraft:fletching_table":1,"minecraft:bamboo":169,"minecraft:prismarine":4,"minecraft:oak_planks":29,"minecraft:ghast_tear":2,"minecraft:poisonous_potato":1,"minecraft:polished_blackstone_slab":1,"minecraft:sand":2,"minecraft:spectral_arrow":42,"minecraft:shulker_box":15,"minecraft:mossy_cobblestone":98,"minecraft:dark_prismarine":3,"minecraft:light_gray_terracotta":1,"minecraft:sugar":26,"minecraft:diamond":25,"minecraft:netherite_helmet":3,"minecraft:crossbow":1,"minecraft:bone_meal":3,"minecraft:golden_apple":10,"minecraft:emerald":16,"minecraft:netherrack":3652,"minecraft:chorus_fruit":2,"minecraft:end_stone_bricks":172,"minecraft:lingering_potion":1,"minecraft:chicken":2,"minecraft:wooden_pickaxe":2,"minecraft:shield":3,"minecraft:oak_trapdoor":14,"minecraft:iron_axe":11,"minecraft:wooden_sword":9,"minecraft:blackstone":103,"minecraft:blue_orchid":5,"minecraft:candle":4,"minecraft:echo_shard":2,"minecraft:oak_boat":5,"minecraft:lectern":13,"minecraft:sugar_cane":54,"minecraft:phantom_membrane":2,"minecraft:dark_oak_sapling":1,"minecraft:raw_iron":43,"minecraft:end_stone":89,"minecraft:squid_spawn_egg":1,"minecraft:copper_ingot":11,"minecraft:bowl":1,"minecraft:polished_blackstone_bricks":42,"minecraft:trident":3,"minecraft:purple_terracotta":9,"minecraft:dark_oak_planks":9,"minecraft:howl_pottery_sherd":10,"minecraft:arrow":78,"minecraft:cracked_deepslate_tiles":3,"minecraft:netherite_boots":3,"minecraft:basalt":267,"minecraft:golden_carrot":113,"minecraft:leather":4,"minecraft:birch_planks":3,"minecraft:mushroom_stew":6,"minecraft:bedrock":2,"minecraft:gunpowder":16,"minecraft:cobblestone_wall":4,"minecraft:red_sandstone":3,"minecraft:rabbit_hide":6,"minecraft:iron_ingot":42,"minecraft:soul_sand":1,"minecraft:verdant_froglight":1,"minecraft:book":4,"minecraft:sculk_catalyst":1,"minecraft:scaffolding":2,"minecraft:oak_slab":101,"minecraft:warped_fungus":12,"minecraft:pumpkin":6,"minecraft:chiseled_stone_bricks":3,"minecraft:brush":2,"minecraft:quartz":9,"minecraft:raw_iron_block":1,"minecraft:dripstone_block":19,"minecraft:white_bed":13,"minecraft:spider_eye":7,"minecraft:bamboo_mosaic":1,"minecraft:terracotta":33,"minecraft:netherite_hoe":2,"minecraft:coal":197}},"DataVersion":3700}